관광지명,위도,경도,소재지주소
일제 경성호국신사 계단(108계단),37.546023,126.982542,서울특별시 용산구 신흥로22가길 33
찬바람재,37.534815,126.987014,서울특별시 용산구 녹사평대로 195
옛 남영동 대공분실(민주인권기념관),37.54101166,126.9716345,서울특별시 용산구 한강대로71길 37
옛 용산공설시장(현 남영아케이드),37.543723,126.972924,서울특별시 용산구 한강대로84길 7
전쟁기념관,37.53731405,126.9784661,서울특별시 용산구 이태원로 29
당고개 순교성지,37.53559012,126.966963,서울특별시 용산구 청파로 139-26
옛 풍국제과 공장,37.53567207,126.9695135,서울특별시 용산구 백범로90다길 13
용산신학교,37.53420937,126.9545934,서울특별시 용산구 원효로19길 49
서울 원효로 예수성심당,37.53420937,126.9545934,서울특별시 용산구 원효로19길 49
구 용산 수위관측소,37.533956,126.947132,서울특별시 용산구 청암동 169-1
심원정 왜명강화지처비,37.53342496,126.95186,서울특별시 용산구 효창원로8길 28
청암동 부군당,37.534803,126.946373,서울특별시 용산구 원효로 17-11
산천동 부군당,37.535662,126.9531703,서울특별시 용산구 효창원로15길 7
3.1운동 용산인쇄소 노동자 만세시위지,37.53543893,126.9584156,서울특별시 용산구 원효로41길 33
김해가야테마파크,35.25163508,128.8937494,경상남도 김해시 가야테마길 161
김해낙동강레일파크,35.37177644,128.8208387,경상남도 김해시 생림면 마사로473번길 41
가야랜드,35.25817158,128.9024348,경상남도 김해시 인제로 368(삼방동)
김해천문대,35.25306424,128.887298,경상남도 김해시 가야테마길 254(어방동)
동악산,35.26726372,127.2575047,전라남도 곡성군 곡성읍 도림로 175
김포국제조각공원,37.72080378,126.552204,경기도 김포시 월곶면 용강로13번길 38
아트빌리지(한옥마을),37.6466321,126.696212,경기도 김포시 모담공원로 170
예천포리관광지,36.70015808,128.514204,경상북도 예천군 감천면 복골길 150
예천삼강,36.56378393,128.304509,경상북도 예천군 풍양면 삼강리길 53-23
청도박물관,35.6942561,128.6865383,경상북도 청도군 이서면 이서로 567
한국코미디타운,35.69358927,128.6863109,경상북도 청도군 이서면 이서로 565
청도소싸움미디어체험관,35.68529236,128.7242012,경상북도 청도군 화양읍 남성현로 346
서울 한양도성(서울성곽),37.551483,126.9853756,서울특별시 용산구 후암동 산1-2
후암동 조선은행 사택지,37.547716,126.9786783,서울특별시 용산구 후암로16가길 7
서울 해병대사령부 초대교회,37.54303445,126.982882,서울특별시 용산구 용산동2가 2-18
소촌아트팩토리,35.1526623,126.7908822,광주광역시 광산구 소촌로85번길 14-9
별밤미술관 in 첨단,35.22222807,126.8442514,광주광역시 광산구 첨단중앙로182번길 39
별밤미술관 in 수완,35.18611658,126.8193296,광주광역시 광산구 신가동 1051
별밤미술관 in 운남,35.17144137,126.8159402,광주광역시 광산구 목련로 156
통명산,35.20404024,127.2592454,전라남도 곡성군 삼기면 금계리 산 137-1
조태일시문학기념관,35.13351552,127.3685909,전라남도 곡성군 죽곡면 태안로 622-38
남원백두대간생태교육장전시관,35.397328,127.5079302,전라북도 남원시 운봉읍 운봉로 151
만인의총,35.420404,127.377325,전라북도 남원시 만인로 3
아담원,35.440571,127.476826,전라북도 남원시 이백면 목가길 193
남원관광지,35.402481,127.386137,전라북도 남원시 양림길 12
으능정이문화의거리,36.32934665,127.428337,대전광역시 중구 중앙로 170
유성온천,36.3547298,127.3375865,대전광역시 유성구 계룡로60
화암관광지,37.35092374,128.7896216,강원도 정선군 화암면 화암동굴길 12-13
아우라지 관광지,37.47574407,128.7243663,강원도 정선군 여량면 아우라지길 69
곡성 섬진강 기차마을,35.27753157,127.3082867,전라남도 곡성군 오곡면 기차마을로 232
기차마을 장미공원,35.27753157,127.3082867,전라남도 곡성군 오곡면 기차마을로 232
협재관광지,33.39349585,126.2385969,제주특별자치도 제주시 한림읍 협재리 2450
곽지관광지,33.4499564,126.3041171,제주특별자치도 제주시 애월읍 곽지리 1566
김녕관광지,33.5548971,126.7654535,제주특별자치도 제주시 구좌읍 김녕리 497-5
40계단테마거리,35.10397225,129.0346287,부산광역시 중구 대청로135번길 13
BIFF광장,35.09862035,129.0287588,부산광역시 중구 비프광장로 36
영도대교,35.09725344,129.035681,부산광역시 중구 태종로 8
보수동책방골목,35.10323904,129.0263248,부산광역시 중구 대청로 57-1
용두산공원,35.1009305,129.0324434,부산광역시 중구 용두산길 37-55
광복로,35.09947039,129.0311659,부산광역시 중구 광복중앙로 1
부산영화체험박물관,35.10169342,129.033594,부산광역시 중구 대청로126번길 12
작괘천,35.55162452,129.0953395,울산광역시 울주군 상북면 등억알프스리 18-2
대운산 내원암 계곡,35.39913422,129.2309807,울산광역시 울주군 온양읍 대운상대길 382
간절곶 공원,35.3625312,129.3591079,울산광역시 울주군 서생면 간절곶해안길 205
어답산관광지,37.59380861,128.0575207,강원특별자치도 횡성군 갑천면 어답산로 516
유현문화관광지,37.52903211,127.8186829,강원특별자치도 횡성군 서원면 경강로유현1길 30
웰리힐리파크 관광단지,37.49012611,128.2501389,강원특별자치도 횡성군 둔내면 고원로 451
무궁화오토캠핑장,35.97398132,127.2315513,전라북도 완주군 고산면 고산휴양림로 89
송광사&벚꽃길,35.885763,127.2417509,전라북도 완주군 소양면 송광수만로 255-16
위봉사&위봉폭포&위봉산성,35.9105769,127.2572831,전라북도 완주군 소양면 위봉길 53
화암사,36.06629938,127.2872339,전라북도 완주군 경천면 화암사길 271
춘향테마파크,35.401464,127.386902,전라북도 남원시 양림길 14-9
남원항공우주천문대,35.399194,127.387388,전라북도 남원시 양림길 48-63
남원시립김병종미술관,35.398706,127.389555,전라북도 남원시 함파우길 65-14
혼불문학관,35.481096,127.319992,전라북도 남원시 사매면 노봉안길 52
국악의 성지,35.459997,127.569101,전라북도 남원시 운봉읍 비전길 69
지리산허브밸리,35.435092,127.548617,전라북도 남원시 운봉읍 바래봉길 214
임경대,35.32243455,128.9778074,경상남도 양산시 원동면 원동로 285
통도사,35.47540912,129.0563672,경상남도 양산시 하북면 통도사로 108
통도환타지아,35.4999924,129.0831299,경상남도 양산시 하북면 통도7길 68
홍룡폭포(홍룡사),35.39699967,129.0864895,경상남도 양산시 상북면 홍룡로 372
황산공원,35.30198745,128.9909861,경상남도 양산시 물금읍 황산공원5길 13
대둔산도립공원,36.11708032,127.3328815,전라북도 완주군 운주면 대둔산공원길 23
모악산도립공원,35.72946608,127.1098589,전라북도 완주군 구이면 모악산길 91
고산자연휴양림,35.96224205,127.2328719,전라북도 완주군 고산면 고산휴양림로 246
상관 공기마을 편백숲,35.737491,127.2023884,전라북도 완주군 상관면 죽림편백길 191-24
대아수목원&대아호,35.97623865,127.3003851,전라북도 완주군 동상면 대아수목로 94-34
비비정,35.90154901,127.071693,전라북도 완주군 삼례읍 비비정길 96-9
비비정예술열차,35.89880244,127.0676418,전라북도 완주군 삼례읍 비비정길 73-21
삼례문화예술촌,35.90623513,127.0658535,전라북도 완주군 삼례읍 삼례역로 81-13
삼례책마을,35.90745719,127.065756,전라북도 완주군 삼례읍 삼례역로 68
그림책미술관,35.90832046,127.068059,전라북도 완주군 삼례읍 삼례역로 48-1
대한민국술테마박물관,35.726048,127.1361627,전라북도 완주군 구이면 덕천전원길 232-58
완주전통문화체험장,35.98879491,127.261342,전라북도 완주군 고산면 대아저수로 416
청소년전통문화체험관,35.98879491,127.261342,전라북도 완주군 고산면 대아저수로 416
놀토피아,35.98879491,127.261342,전라북도 완주군 고산면 대아저수로 416
오성한옥마을,35.90695186,127.2367573,전라북도 완주군 소양면 오도길 73
동구릉,37.6171286,127.136334,경기도 구리시 동구릉로 197
보문관광단지,35.843673,129.2869659,경상북도 경주시 보문로 446
남당,36.53886252,126.4716002,충청남도 홍성군 서부면 남당리 859-2
순천만국가정원,34.92888588,127.4999591,전라남도 순천시 국가정원1호길 47
순천만습지,34.88579701,127.5092833,전라남도 순천시 순천만길 513-25(대대동)
낙안읍성,34.90640107,127.3418227,전라남도 순천시 낙안면 충민길 30(동내리)
드라마촬영장,34.95810919,127.5378026,전라남도 순천시 비례골길 24(조례동)
뿌리깊은나무박물관,34.9036464,127.3399827,전라남도 순천시 낙안면 평촌3길 45
송광사,35.00236255,127.2748706,전라남도 순천시 송광면 송광사안길 100
선암사,34.99618213,127.327356,전라남도 순천시 승주읍 선암사길 450
울주 대곡리 반구대 암각화,35.60863087,129.172957,울산광역시 울주군 언양읍 반구대안길 285
섬진강 망덕포구,34.96787088,127.7579265,전라남도 광양시 진월면 망덕길 171
윤동주 유고 보존 정병욱 가옥,34.97075423,127.759122,전라남도 광양시 진월면 망덕길 249
광양매화문화관,35.07665864,127.7180474,전라남도 광양시 다압면 지막1길 21
고구려대장간마을,37.56080787,127.1109492,경기도 구리시 우미내길 41
초당관광지,37.37650408,129.2047561,강원특별자치도 삼척시 근덕면 미근로 1629
광덕계곡관광지,38.07630808,127.4817356,강원특별자치도 화천군 사내면 포화로 582
구드래관광지,36.28718846,126.9068136,충청남도 부여군 부여읍 백강로 148
서동요역사관광지,36.14594895,126.8248464,충청남도 부여군 충화면 충신로 618
구덕운동장,35.11659638,129.0145297,부산광역시 서구 망양로 57 (씨름체육관 서구 꽃마을로 156번길12)
임시수도기념관,35.10374876,129.0175954,부산광역시 서구 임시수도기념로 45
송도오션파크,35.0727183,129.0174477,부산광역시 서구 송도해변로 36
송도용궁구름다리,35.0619212,129.021965,부산광역시 서구 암남동 620-53
뿌리공원,36.28538043,127.3883,대전광역시 중구 뿌리공원로 79(침산동)
아쿠아리움,36.31005741,127.4209439,대전광역시 중구 보문산공원로 469(대사동)
중흥골드스파&리조트,34.94833414,126.8714774,전라남도 나주시 다도면 나주호로 558-314
나주영상테마파크,34.97948996,126.5997029,전라남도 나주시 공산면 덕음로 450
남파고택,35.03051267,126.7184493,전라남도 나주시 금성길 13
배알도수변공원,34.959931,127.7601849,전라남도 광양시 태인동 1632-13
광양 김 시식지,34.94697848,127.7519933,전라남도 광양시 김시식지1길 57-6
무이예술관,37.61527594,128.348787,강원특별자치도 평창군 봉평면 사리평길 233
백룡동굴,37.27786356,128.577051,강원특별자치도 평창군 미탄면 문희길 63
맹방관광지,37.39591618,129.2207941,강원특별자치도 삼척시 근덕면 상맹방길 30-80
녹진관광지,34.56907794,126.299981,전라남도 진도군 군내면 진도대로 8478
중앙공원,35.121591,129.0161785,부산광역시 서구 대신공원로 37-18
부산공동어시장,35.08990091,129.0263675,부산광역시 서구 충무대로 202
천마산조각공원,35.08903987,129.0174786,부산광역시 서구 천마산로 209번길 94
탄금공원,36.98782919,127.9055691,충청북도 충주시 남한강로 24
충주호체험,37.02308256,127.8619229,충청북도 충주시 중앙탑면 중앙탑길 150
능암온천,37.09370046,127.802172,충청북도 충주시 앙성면 새바지길 37
충온온천,37.10173095,127.7962316,충청북도 충주시 앙성면 산전장수1길 103
이효석문화예술촌,37.61317426,128.3701239,강원특별자치도 평창군 봉평면 효석문학길 73-25
평창돌문화체험관,37.376584,128.409516,강원특별자치도 평창군 평창읍 바위공원길 111
장호관광지,37.2868038,129.3079336,강원특별자치도 삼척시 근덕면 삼척로 2154
장도포대지,37.39790186,126.7382687,인천광역시 남동구 논현동 111-13
소래역사관,37.39816347,126.7375992,인천광역시 남동구 아암대로 1605(논현동)
인천도호부청사,37.4393787,126.6868134,인천광역시 미추홀구 매소홀로 589
신륵사관광지,37.29742583,127.6599364,경기도 여주시 신륵사길 73
송도해상케이블카,35.07664334,129.0233986,부산광역시 서구 송도해변로 171
송도해수욕장,35.07682117,129.0180502,부산광역시 서구 송도해변로 100
암남공원,35.0616574,129.0149368,부산광역시 서구 암남공원로 185
구덕문화공원,35.12641369,129.005742,부산광역시 서구 꽃마을로 163번길 73
속초해수욕장,38.19014712,128.603531,강원도 속초시 해오름로 186
척산온천,38.190269,128.5407013,강원도 속초시 관광로 327
설악한화리조트,38.21030027,128.5287216,강원도 속초시 미시령로 2983번길 111
탑산약수온천,36.30396195,128.5892642,경상북도 의성군 봉양면 도리원2길 88-42
구곡폭포,37.797033,127.615852,강원특별자치도 춘천시 남산면 강촌구곡길 254
춘천호반,37.825714,127.659368,강원특별자치도 춘천시 서면 경춘로 1401-25
청평사(춘천),37.986071,127.808407,강원특별자치도 춘천시 북산면 오봉산길 810
신영,37.747692,127.725507,강원특별자치도 춘천시 동산면 종자리로 148-16
라비에벨,37.741217,127.75782,강원특별자치도 춘천시 동산면 종자리로 436
누리천문대,37.33028283,126.9153444,경기도 군포시 대야2로 139
내원사계곡(내원사),35.44578536,129.1104508,경상남도 양산시 하북면 내원로 207
대운산자연휴양림,35.41784975,129.2088996,경상남도 양산시 탑골길 270
법기수원지,35.34825271,129.1079758,경상남도 양산시 동면 법기로 198-13
양산시립박물관,35.35849531,129.0490358,경상남도 양산시 북정로 78
양산타워,35.32591877,129.0240164,경상남도 양산시 동면 강변로 264
에덴밸리,35.42905699,128.9844664,경상남도 양산시 원동면 어실로 1206
간현관광지,37.36489327,127.832544,강원도 원주시 지정면 소금산길 26
기독교선교100주년기념관,35.04305027,127.6604508,전라남도 광양시 진상면 성지로 399
경천대관광지,36.45722382,128.2478641,경상북도 상주시 사벌국면 경천로 652
회상나루관광지,36.44187503,128.2657793,경상북도 상주시 중동면 갱다불길 97
대천해수욕장,36.31554012,126.5108563,충청남도 보령시 머드로 123
무창포해수욕장,36.24457737,126.5365426,충청남도 보령시 웅천읍 열린바다1길 10
천지연폭포,33.2447447,126.5595511,제주특별자치도 서귀포시 남성중로 2-15(서홍동)
정방폭포,33.24474912,126.5730486,제주특별자치도 서귀포시 칠십리로214번길 37(동홍동)
주상절리대,33.23799399,126.4260174,제주특별자치도 서귀포시 이어도로 36-30(중문동)
장림포구,35.07915955,128.9513486,부산광역시 사하구 장림로 93번길 72(장림동)
미륵사지관광지,36.01154232,127.0287139,전라북도 익산시 금마면 미륵사지로 362
왕궁보석테마 관광지,35.99061279,127.1025486,전라북도 익산시 왕궁면 호반로 8
웅포관광지,36.06581391,126.8754193,전라북도 익산시 웅포면 강변로 25
소요산관광지,37.94652177,127.0693409,경기도 동두천시 평화로2910번길 145
느랭이골자연리조트,35.06003247,127.7114041,전라남도 광양시 토끼재길 119-32
구봉산전망대,34.93646837,127.6427008,전라남도 광양시 구봉산전망대길 155
광양항해양공원,34.92127751,127.6939636,전라남도 광양시 중동 1894
무지개다리,34.93679857,127.715141,전라남도 광양시 금호동 625-1
해오름육교,34.93442662,127.7061606,전라남도 광양시 마동 1125
용머리해안,33.23342738,126.3136956,제주특별자치도 서귀포시 안덕면 사계남로216번길 24-30
감귤박물관,33.27159304,126.6074285,제주특별자치도 서귀포시 효돈순환로 441(신효동)
벽계관광지,35.42604967,128.2080942,경상남도 의령군 궁류면 벽계로 201
치산관광지,36.04693281,128.712821,경상북도 영천시 신녕면 신암길 17
대가야생활촌,35.7118532,128.269244,경상북도 고령군 대가야읍 신남로 81
대가야역사테마관광지,35.72008263,128.2596761,경상북도 고령군 대가야읍 대가야로 1216
장성호관광지,35.41373254,126.8508186,전라남도 장성군 북하면 백양로 591-4
홍길동테마파크,35.31862071,126.7265578,전라남도 장성군 황룡면 홍길동로 431
소래포구,37.3988308,126.7403795,인천광역시 남동구 포구로 2-9(논현동)
소래습지생태공원,37.40736572,126.7463366,인천광역시 남동구 소래로 154번길 77(논현동)
소래철교,37.3988308,126.7403795,인천광역시 남동구 포구로 2-9(논현동)
나주시천연염색박물관,34.99403168,126.6625254,전라남도 나주시 다시면 백호로 379
나주목문화관,35.03232804,126.7157031,전라남도 나주시 금성관길 15
별밤미술관 in 신창,35.19467258,126.8452966,광주광역시 광산구 왕버들로 331
별밤미술관 in 선운,35.14604759,126.7732908,광주광역시 광산구 선운로2번길 40
곡성기차당 뚝방마켓,35.27976851,127.2984376,전라남도 곡성군 곡성읍 곡성로 856
가정역(섬진강출렁다리),35.23018353,127.3682034,전라남도 곡성군 오곡면 섬진강로 1465
도림사오토갬핑리조트,35.26209959,127.2668616,전라남도 곡성군 곡성읍 도림로 74
청계동솔바람야영장,35.31107436,127.2623887,전라남도 곡성군 곡성읍 청계동로 415
한국대나무박물관,35.30934367,126.9764088,전라남도 담양군 담양읍 죽향문화로 35
한국가사문학관,35.18796216,127.0054858,전라남도 담양군 가사문학면 가사문학로 877
슬로시티삼지내마을,35.23522516,127.0178498,전라남도 담양군 창평면 돌담길 56-24
후곡약수터,38.16733552,128.0573744,강원특별자치도 양구군 동면 약수터길 90-1
불회사,34.90877918,126.8234812,전라남도 나주시 다도면 다도로 1224-142
금성관,35.03335643,126.7165553,전라남도 나주시 금성관길 8
도래마을(홍기옥 가옥),34.9981825,126.8223995,전라남도 나주시 다도면 동력길 16
정수루,35.03193288,126.7150148,전라남도 나주시 금성관길 13-20
나주향교,35.03403137,126.711466,전라남도 나주시 향교길 38
완사천,35.01496092,126.7128194,전라남도 나주시 완사천길 14
목사내아,35.0320205,126.7151642,전라남도 나주시 금성관길 13-8
영모정,34.9973737,126.6671219,전라남도 나주시 다시면 회진길 14-8
남고문,35.0295791,126.7204701,전라남도 나주시 남내동 2-20
구)나주역,35.0280742,126.7262445,전라남도 나주시 죽림길 26
노안천주교회,35.10432714,126.6754469,전라남도 나주시 노안면 이슬촌길 108
문경짚라인,36.62285644,128.1367824,경상북도 문경시 불정길 174
문경 종합온천,36.72937376,128.1089547,경상북도 문경시 문경읍 온천2길 24
문경 활공랜드,36.7362239,128.1538507,경상북도 문경시 문경읍 활공장길 80
불정자연휴양림,36.62128207,128.1365074,경상북도 문경시 불정길 180
국사봉랜드,35.00642478,127.6525399,전라남도 광양시 옥곡면 대치로 433
표충사,35.532294,128.959045,경상남도 밀양시 단장면 표충로1338
당항포관광지,35.05322615,128.3920276,경상남도 고성군 회화면 당항만로 1116
부석사관광지,36.99435088,128.6797054,경상북도 영주시 부석면 부석사로 298
절물자연휴양림,33.44004881,126.6252034,제주특별자치도 제주시 명림로 584(봉개동)
노루생태관찰원,33.4443253,126.6266934,제주특별자치도 제주시 명림로 520(봉개동)
제주별빛누리공원,33.4445529,126.5491863,제주특별자치도 제주시 선돌목동길 60(오등동)
금정산,35.28304264,129.0676208,부산광역시 금정구 범어사로 250
범어사,35.28304308,129.0676212,부산광역시 금정구 범어사로 250
회동수원지,35.24707332,129.115753,부산광역시 금정구 오륜대로258
성기동,34.75653201,126.6291224,전라남도 영암군 군서면 왕인로 440
마한문화,34.89539241,126.5859196,전라남도 영암군 시종면 남해당로 65
영산호관광지,34.776135,126.4577774,전라남도 영암군 삼호읍 녹색로 653-11
요트올림픽동산지구,35.16578256,129.1350266,부산광역시 해운대구 APEC로 30
동백섬,35.15234205,129.1513619,부산광역시 해운대구 동백로 116
해운대해수욕장,35.15910698,129.1602838,부산광역시 해운대구 해운대해변로 264
달맞이동산지구,35.15768146,129.1825429,부산광역시 해운대구 달맞이길 190
팔공산 하늘정원,36.023813,128.696761,경상북도 군위군 부계면 동산리 산 74-18
김수환 추기경 사랑과 나눔 공원,36.232449,128.599613,경상북도 군위군 군위읍 군위금성로 270
사라온 이야기 마을,36.236155,128.567733,경상북도 군위군 군위읍 동서길 49
함평해수찜,35.10050068,126.4648643,전라남도 함평군 손불면 석산로 61
함평자연생태공원,35.13500123,126.5057,전라남도 함평군 대동면 학동로 1398-77
함평양서파충류생태공원,35.13834076,126.4937003,전라남도 함평군 신광면 학동로 1398-9
맹종죽테마공원,34.967708,128.650512,경상남도 거제시 하청면 거제북로 700
거제박물관,34.894071,128.686203,경상남도 거제시 거제대로 3791(옥포동)
거제시농업개발원,34.856464,128.579187,경상남도 거제시 거제면 거제남서로 3577
거제요트학교,34.833694,128.701885,경상남도 거제시 일운면 지세포해안로 41
씨라인,34.91111602,128.7102346,경상남도 거제시 덕포5길 32-3
진남관,34.7413383,127.7365704,전라남도 여수시 동문로 11
향일암,34.59379448,127.8029861,전라남도 여수시 돌산읍 향일암로 60
진안고원치유의숲,35.87516093,127.4177407,전북특별자치도 진안군 정천면 봉학로 171-22
가위박물관,35.76592077,127.4150023,전북특별자치도 진안군 진안읍 마이산로 258
영도관광안내센터,35.09454127,129.0387847,부산광역시 영도구 봉래나루로 79
오수의견관광지,35.54520338,127.3326779,전북특별자치도 임실군 오수면 충효로 2096-16
사선대관광지,35.672357,127.2746265,전북특별자치도 임실군 관촌면 사선2길 68-7
송정관광지,34.7231451,128.0249667,경상남도 남해군 미조면 미송로 483
방화동가족휴가촌,35.59064179,127.5268761,전라북도 장수군 번암면 방화동로 778
용대관광지,38.18568475,128.3061965,강원도 인제군 북면 십이선녀탕길 16
방동관광지,37.94387136,128.3962628,강원도 인제군 기린면 방동약수로 89-59
청마기념관,34.854887,128.517123,경상남도 거제시 둔덕면 방하2길 6
씨월드,34.835848,128.701478,경상남도 거제시 일운면 지세포해안로 15
알로에테마파크,34.835716,128.560282,경상남도 거제시 거제면 거제남서로 3937
노을이물드는언덕,34.95450963,128.5194543,경상남도 거제시 사등면 창호리 1475
가조수협효시공원,34.929516,128.525144,경상남도 거제시 사등면 가조서로 7
용평관광단지,37.660871,128.666483,강원도 평창군 대관령면 용산리+수하리 일원
알펜시아관광단지,37.6552224,128.681494,강원도 평창군 대관령면 솔봉로 325 일원
휘닉스파크관광단지,37.581373,128.327331,강원도 평창군 봉평면 태기로 174 일원
오륜대한국순교자박물관,35.24570172,129.1009016,부산광역시 금정구 오륜대로 106-1
부산대젊음의거리,35.229587,129.0888177,부산광역시 금정구 장전온천천로 51
금정산성마을,35.250339,129.0561338,부산광역시 금정구 산성로 452
산청전통한방휴양관광지,35.441066,127.829361,경상남도 산청군 금서면 동의보감로555번길 45-6
산청중산관광지,35.293297,127.7549317,경상남도 산청군 시천면 지리산대로 525
산청금서관광지,35.394237,127.847052,경상남도 산청군 금서면 친환경로 1715
변산해수욕장,35.67999179,126.5309105,전라북도 부안군 변산면 변산로 2086
위도해수욕장,35.60583098,126.2853294,전라북도 부안군 위도면 위도로 366
모항해수욕장,35.5831428,126.5082098,전라북도 부안군 변산면 모항길 23-1
미당서정주의 집,37.4734032,126.973367,서울특별시 관악구 남부순환로 256 나길 4
강감찬전시관,37.47197208,126.959371,서울특별시 관악구 낙성대로 77 낙성대공원내
주왕산 관광지,36.37813214,129.108598,경상북도 청송군 주왕산면 주왕산로 494
우수영관광지,34.57257374,126.3101147,전라남도 해남군 문내면 관광레저로 1
땅끝관광지,34.29471348,126.5250233,전라남도 해남군 송지면 땅끝마을길 100
등명해변관광지,37.70232906,129.0161926,강원도 강릉시 강동면 정동등명길 2
대관령어흘리관광지,37.719113,128.7960845,강원도 강릉시 성산면 삼포암길 17
용마폭포공원,37.57335201,127.0891138,서울특별시 중랑구 용마산로 250-12
망우리공원,37.59835362,127.1148164,서울특별시 중랑구 망우로 570
중랑캠핑숲,37.60495511,127.1099608,서울특별시 중랑구 망우로87길 110
섬진강도깨비마을,35.25424902,127.363209,전라남도 곡성군 고달면 호곡도깨비길 119-99
압록상상스쿨,35.19580901,127.375484,전라남도 곡성군 오곡면 섬진강로 1060
압록유원지,35.19196269,127.3775123,전라남도 곡성군 죽곡면 섬진강로 1012
반월호수,37.32458238,126.8899642,경기도 군포시 호수로 92
초막골 생태공원,37.35410097,126.9191417,경기도 군포시 초막골길 216
철쭉동산,37.35543392,126.924967,경기도 군포시 산본동 1152-14
수리사,37.35443607,126.8967938,경기도 군포시 속달로 347-181
물누리체험관,37.32136505,126.8996775,경기도 군포시 호수로 170-85
라비에벨,37.74121725,127.7578198,강원도 춘천시 동산면 종자리로 436
옹기테마공원,37.61265372,127.0885194,서울특별시 중랑구 신내로21길 116
대광해수욕장,35.10291276,126.0725117,전라남도 신안군 임자면 대광해수욕장길 179
호미곶관광단지,36.07608308,129.5665319,경상북도 포항시 남구 호미곶면 해맞이로 136
실안관광지,34.94398447,128.0399764,경상남도 사천시 노을길 138
에버랜드,37.2940667,127.202128,경기도 용인시 처인구 포곡읍 에버랜드로 199
한국민속촌,37.25913189,127.1225431,경기도 용인시 기흥구 민속촌로 90
변산해수욕장,35.67999179,126.5309105,전북특별자치도 부안군 변산면 변산로 2086
위도해수욕장,35.60583098,126.2853294,전북특별자치도 부안군 위도면 위도로 366
모항해수욕장,35.5831428,126.5082098,전북특별자치도 부안군 변산면 모항길 23-1
어답산관광지,37.59380861,128.0575207,강원도 횡성군 갑천면 어답산로 516
마곡사관광지,36.55617136,127.0205918,충청남도 공주시 사곡면 운암리 731-2
공주문화관광지,36.47022166,127.1117007,충청남도 공주시 웅진동 431
삽교호관광지,36.88890544,126.8247541,충청남도 당진시 신평면 삽교천3길 100
왜목마을관광지,37.04493276,126.5246154,충청남도 당진시 석문면 왜목길 15-5
난지섬관광지,37.047036,126.4242087,충청남도 당진시 석문면 난지1길 67
임진각관광지,37.88953876,126.7401859,경기도 파주시 문산읍 임진각로 177
마하생태관광지,37.29236873,128.5412837,강원특별자치도 평창군 미탄면 마하길 42-5
용평관광단지,37.65094444,128.7055569,강원특별자치도 평창군 대관령면 올림픽로 715
알펜시아관광단지,37.65925417,128.6840107,강원특별자치도 평창군 대관령면 솔봉로 325
휘닉스파크관광단지,37.58246341,128.3268678,강원특별자치도 평창군 봉평면 태기로 174
삼척해수욕장,37.47034344,129.1647024,강원특별자치도 삼척시 수로부인길 453
망상,37.59225327,129.0896922,강원특별자치도 동해시 동해대로 6270-10
추암,37.477063,129.159196,강원특별자치도 동해시 촛대바위길 28
금마관광지,36.0015063,127.0570781,전라북도 익산시 금마면 고도9길 41-14
직탕,38.2069247,127.2690548,강원도 철원군 갈말읍 직탕길 32
칠곡양떼목장,35.984545,128.48874,경상북도 칠곡군 지천면 창평로 209-42
영산포 역사갤러리,35.00072134,126.7115039,전라남도 나주시 영산3길 17
나주복암리고분전시관,34.99608962,126.6570592,전라남도 나주시 다시면 백호로 287
일본인근대가옥,34.99946578,126.7131249,전라남도 나주시 예향로 3869-4
빛가람호수공원전망대,35.01683337,126.7904361,전라남도 나주시 호수로 77
구문소 관광지,37.09296812,129.0422636,강원도 태백시 동태백로11(동점동)
용연동굴,37.20888277,128.9418601,강원도 태백시 태백로 283-29
철암탄광역사촌,37.11436554,129.0372165,강원도 태백시 동태백로 406
석탄박물관,37.11724029,128.9505662,강원도 태백시 천제단길 195
태백고생대자연사박물관,37.0948994,129.0396319,강원도 태백시 태백로 2249
섬진강 침실습지,35.27503038,127.3335915,전라남도 곡성군 고달면 고달길 192-6
곡성아트빌리지,35.23004949,127.3677915,전라남도 곡성군 오곡면 섬진강로 1455
곡성섬진강천문대,35.22666779,127.3691674,전라남도 구례군 구례읍 섬진강로 1234
가산산성,36.021011,128.590851,경상북도 칠곡군 동명면 남원리 32-78
가산산성야영장,36.016197,128.618108,경상북도 칠곡군 동명면 한티로 1034
구상문학관,35.983943,128.394568,경상북도 칠곡군 왜관읍 구상길 191
다부동전적기념관,36.046443,128.518875,경상북도 칠곡군 가산면 호국로 1486
송정자연휴양림,36.023332,128.441641,경상북도 칠곡군 석적읍 반계3길 88
칠곡보오토캠핑장,36.020591,128.394566,경상북도 칠곡군 약목면 강변서로 110-43
칠곡호국평화기념관,36.017918,128.404032,경상북도 칠곡군 석적읍 강변대로 1580
양구수목원,38.19204231,128.0762778,강원도 양구군 동면 숨골로 310번길 131
오-월드,36.28749924,127.3985039,대전광역시 중구 사정공원로 70(사정동)
국립나주박물관,34.91485383,126.6589014,전라남도 나주시 반남면 고분로 747
화진포 생태박물관,38.47218738,128.4436214,강원도 고성군 거진읍 화진포길 256
송지호 관망타워,38.33623615,128.5175989,강원도 고성군 죽왕면 동해대로 6021
해달별천문대,35.07478024,127.5540516,전라남도 광양시 봉강면 하조길 91-20
백운산자연휴양림,35.05645795,127.5976491,전라남도 광양시 옥룡면 백계로 33
광양 옥룡사지,35.04701721,127.6085305,전라남도 광양시 옥룡면 추산리 산 35-1
쉬자파크,37.51122354,127.5331978,경기도 양평군 양평읍 쉬자파크길 193
예당관광지,36.63801252,126.799434,충청남도 예산군 응봉면 예당관광로 161
덕산온천관광단지,36.69075649,126.659328,충청남도 예산군 덕산면 온천단지2로 11
장흥관광지,37.73281632,126.9492504,경기도 양주시 장흥면 권율로 193
공릉관광지,37.7498111,126.8335655,경기도 파주시 조리읍 장곡로 218
주문진해변관광지,37.91144947,128.8177557,강원특별자치도 강릉시 주문진읍 주문북로 222-30
연곡해변관광지,37.85990446,128.8520583,강원특별자치도 강릉시 연곡면 해안로 1282
등명해변관광지,37.70232906,129.0161926,강원특별자치도 강릉시 강동면 정동등명길 2
대관령어흘리관광지,37.719113,128.7960845,강원특별자치도 강릉시 성산면 삼포암길 17
무극전적국민관광지,36.95063812,127.6470132,충청북도 음성군 음성읍 생음대로 594
통일전망대,38.51438609,128.416703,강원특별자치도 고성군 현내면 금강산로 481
화진포역사안보전시관,38.47250515,128.4430602,강원특별자치도 고성군 거진읍 화진포길 280
사선대관광지,35.672357,127.2746265,전라북도 임실군 관촌면 사선2길 68-7
유니온파크,37.54654783,127.2205032,경기도 하남시 미사대로 710
광주향교,37.52207622,127.1984175,경기도 하남시 대성로 126-13
이성산성,37.52530687,127.1847777,경기도 하남시 춘궁동 산 36
미사경정공원,37.55330797,127.2131671,경기도 하남시 미사대로 505
자갈치시장,35.09661444,129.0305818,부산광역시 중구 자갈치해안로 52
마니산 국민관광지,37.63245827,126.4237957,인천광역시 강화군 화도면 마니산로675번길 18
가산수피아,36.086109,128.485044,경상북도 칠곡군 가산면 학하들안2길 105
국립칠곡숲체원,36.063539,128.466183,경상북도 칠곡군 석적읍 유학로 532
회동관광지,34.42726548,126.3513474,전라남도 진도군 고군면 신비의바닷길 148
아리랑마을관광지,34.38201529,126.2310334,전라남도 진도군 임회면 아리랑길 95-5
옥계해변관광지,37.62673237,129.0485254,강원특별자치도 강릉시 옥계면 금진솔밭길 104-29
청도레일바이크,35.58811543,128.7661723,경상북도 청도군 청도읍 하지길 46-51
청도자전거공원,35.5881145,128.7661742,경상북도 청도군 청도읍 하지길 46-51
청도신화랑풍류마을,35.71807645,128.9223074,경상북도 청도군 운문면 신화랑길 1
새마을운동발상지기념공원,35.60012971,128.7661487,경상북도 청도군 청도읍 새마을1길 34
청도소싸움경기장,35.6867346,128.7251449,경상북도 청도군 화양읍 남성현로 348
은평역사한옥박물관,37.64033246,126.9380102,서울특별시 은평구 연서로50길 8
금성당,37.63513547,126.92538,서울특별시 은평구 진관2로 57-23
일강김철선생기념관,35.18893103,126.4801235,전라남도 함평군 신광면 일강로 873-12
꽃무릇공원,35.18352786,126.5452774,전라남도 함평군 해보면 용천사길 209
함평자동차극장,35.0591292,126.5232366,전라남도 함평군 함평읍 함장로 1162
다대포해수욕장,35.04638172,128.9680068,부산광역시 사하구 몰운대1길 14(다대동)
낙동강하구아미산전망대,35.05276243,128.9607468,부산광역시 사하구 다대낙조2길 77(다대동)
을숙도 생태공원,35.11008837,128.9449571,부산광역시 사하구 낙동남로1233번길 25(하단동)
을숙도 철새공원,35.10449092,128.9459791,부산광역시 사하구 낙동남로 1240(하단동)
감천문화마을,35.09748815,129.0106077,부산광역시 사하구 감내2로 203(감천동)
신영,37.747692,127.7255067,강원도 춘천시 동산면 종자리로 148-16
철암탄광역사촌,37.11436554,129.0372165,강원특별자치도 태백시 동태백로 406
석탄박물관,37.11724029,128.9505662,강원특별자치도 태백시 천제단길 195
태백고생대자연사박물관,37.0948994,129.0396319,강원특별자치도 태백시 태백로 2249
무릉계곡,37.463551,129.014511,강원특별자치도 동해시 삼화로 584
팔봉산관광지,37.703098,127.695183,강원도 홍천군 서면 한치골길 1124
소노벨비발디파크,37.65233706,127.6873348,강원도 홍천군 서면 한치골길 262
장호관광지,37.2868038,129.3079336,강원도 삼척시 근덕면 삼척로 2154
초당관광지,37.37650408,129.2047561,강원도 삼척시 근덕면 미근로 1629
을지전망대,38.32452923,128.1356817,강원도 양구군 해안면 전망대로 540
제4땅굴,38.31963688,128.1107257,강원도 양구군 해안면 땅굴로 454
양구 DMZ 조이나믹 체험장,38.28900491,128.1464817,강원도 양구군 해안면 해안서화로 47-6
양구 통일관,38.2900609,128.1455851,강원도 양구군 해안면 해안서화로 35
백룡동굴,37.27786356,128.577051,강원도 평창군 미탄면 문희길 63
이효석문화예술촌,37.61317426,128.3701239,강원도 평창군 봉평면 효석문학길 73-25
평창돌문화체험관,37.376584,128.409516,강원도 평창군 평창읍 바위공원길 111
마하생태관광지,37.2924471,128.5419693,강원도 평창군 미탄면 마하리 일원
구곡폭포,37.797033,127.615852,강원도 춘천시 남산면 강촌구곡길 254
춘천호반,37.825714,127.659368,강원도 춘천시 서면 경춘로 1401-25
청평사(춘천),37.98607131,127.808407,강원도 춘천시 북산면 오봉산길 810
두타연,38.246783,127.9816923,강원도 양구군 방산면 두타연로 297
한반도섬,38.130582,127.982972,강원도 양구군 양구읍 고대리 649-1
국토정중앙천문대,38.0689384,128.0296768,강원도 양구군 남면 국토정중앙로 127
속리산 법주사,36.53993659,127.8306346,충청북도 보은군 속리산면 법주사로 379
동학농민혁명기념공원,36.51567136,127.7591951,충청북도 보은군 보은읍 동학로 236-22
함평엑스포공원,35.05813923,126.5226056,전라남도 함평군 함평읍 곤재로 27
용문산 관광지,37.54529617,127.583066,경기도 양평군 용문면 용문산로 641
두물머리,37.53362262,127.3174715,경기도 양평군 양서면 두물머리길 145
세미원,37.54093866,127.3239608,경기도 양평군 양서면 양수로 93
율포해수욕장,34.67002926,127.0890241,전라남도 보성군 회천면 우암길 24
한국차문화공원,34.71987643,127.0817099,전라남도 보성군 보성읍 녹차로 775
금마관광지,36.0015063,127.0570781,전라북도 익산시 금마면 고도9길 41-14
미륵사지관광지,36.01154232,127.0287139,전라북도 익산시 금마면 미륵사지로 362
왕궁보석테마 관광지,35.99061279,127.1025486,전라북도 익산시 왕궁면 호반로 8
웅포관광지,36.06581391,126.8754193,전라북도 익산시 웅포면 강변로 25
석정온천관광지,35.43111098,126.7405968,전라북도 고창군 고창읍 석정2로 173
오동도,34.7443435,127.764121,전라남도 여수시 오동도로 222
고석정,38.18542141,127.2874037,강원도 철원군 동송읍 태봉로 1825
통일전망대,38.51438609,128.416703,강원도 고성군 현내면 금강산로 481
화진포역사안보전시관,38.47250515,128.4430602,강원도 고성군 거진읍 화진포길 280
화진포해양박물관,38.481345,128.435682,강원도 고성군 현내면 화진포길 412
보은 삼년산성,36.48993999,127.7417752,충청북도 보은군 보은읍 성주1길 104
보은 우당고택,36.46857583,127.7906134,충청북도 보은군 장안면 개안길 10-2
성옥기념관,34.78698576,126.3798645,전라남도 목포시 영산로 11
구 동본원사 목포별원,34.78970032,126.3842863,전라남도 목포시 영산로 75번길 5
유달산,34.79142993,126.3759183,전라남도 목포시 유달로 180
서산동 시화골목,34.78174519,126.3773176,전라남도 목포시 해안로 127번길 14-2
용연동굴,37.20888277,128.9418601,강원특별자치도 태백시 태백로 283-29
용현자연휴양림,36.7518805,126.6076383,충청남도 서산시 운산면 마애삼존불길 339
해미읍성,36.71355717,126.5503842,충청남도 서산시 해미면 남문2로 143
가위박물관,35.76592077,127.4150023,전라북도 진안군 진안읍 마이산로 258
반남고분군,34.91475649,126.6613546,전라남도 나주시 반남면 고분로 756
백호문학관,34.99694703,126.6668094,전라남도 나주시 다시면 회진길 8
무주 덕유산 리조트,35.889797,127.731389,전라북도 무주군 설천면 만선로 185
해인사,35.801504,128.0976255,경상남도 합천군 가야면 해인사길 122
대장경테마파크,35.76749785,128.1365362,경상남도 합천군 가야면 가야산로 1160
오도산 자연휴양림,35.67233319,128.0553007,경상남도 합천군 봉산면 오도산휴양로 398
합천박물관,35.58042271,128.2829423,경상남도 합천군 쌍책면 황강옥전로 1558
거제자연휴양림,34.785699,128.625943,경상남도 거제시 동부면 거제중앙로 325
계도어촌체험마을,34.974872,128.517512,경상남도 거제시 사등면 가조로 837
다대어촌체험마을,34.73449995,128.630513,경상남도 거제시 남부면 다대5길 11
도장포어촌체험마을,34.743449,128.662475,경상남도 거제시 남부면 도장포1길 76
쌍근어촌체험마을,34.762399,128.589438,경상남도 거제시 남부면 남부해안로 1094
광덕계곡관광지,38.07630808,127.4817356,강원특별자치도 화천군 사내면 포화로 582
은파관광지,35.95536227,126.6890748,전북특별자치도 군산시 은파순환길9 (나운동)
금강호관광지,36.01987856,126.7653058,전북특별자치도 군산시 성산면 철새로 120
유현문화관광지,37.52903211,127.8186829,강원도 횡성군 서원면 경강로유현1길 30
웰리힐리파크 관광단지,37.49012611,128.2501389,강원도 횡성군 둔내면 고원로 451
황매산군립공원,35.48184913,128.0037495,경상남도 합천군 가회면 황매산공원길 4
영상테마파크&청와대세트장,35.54877253,128.0728984,경상남도 합천군 용주면 합천호수로 757
합천댐 물문화관,35.531585,128.0295197,경상남도 합천군 대병면 합천호수로 197
황계폭포,35.51135706,128.071173,경상남도 합천군 용주면 황계2길 30
정양레포츠공원,35.55690191,128.1668052,경상남도 합천군 대양면 동부로 39-13
정양늪생태공원,35.55322772,128.162786,경상남도 합천군 대양면 대야로 730
해인사 소리길,35.76749785,128.1365362,경상남도 합천군 가야면 가야산로 1160
수동관광지,37.75797919,127.2753596,경기도 남양주시 수동면 비룡로 1635
옥계해변관광지,37.62673237,129.0485254,강원도 강릉시 옥계면 금진솔밭길 104-29
주문진해변관광지,37.91144947,128.8177557,강원도 강릉시 주문진읍 주문북로 222-30
연곡해변관광지,37.85990446,128.8520583,강원도 강릉시 연곡면 해안로 1282
화진포해양박물관,38.481345,128.435682,강원특별자치도 고성군 현내면 화진포길 412
화진포 생태박물관,38.47218738,128.4436214,강원특별자치도 고성군 거진읍 화진포길 256
송지호 관망타워,38.33623615,128.5175989,강원특별자치도 고성군 죽왕면 동해대로 6021
진하해수욕장,35.38384823,129.3460154,울산광역시 울주군 서생면 진하해변길 77
영남알프스 복합웰컴센터,35.55645417,129.0679842,울산광역시 울주군 상북면 알프스온천5길 103-8
외고산옹기마을,35.435094,129.2795067,울산광역시 울주군 온양읍 외고산 3길 36
운일암반일암,35.97596963,127.408748,전라북도 진안군 주천면 동상주천로 1924
마이산도립공원 일원,35.757066,127.3938329,전라북도 진안군 마령면 마이산남로 182
용담호및주변시설,35.94593497,127.5256742,전라북도 진안군 안천면 안용로 793
운장산자연휴양림,35.89924607,127.4211096,전라북도 진안군 정천면 휴향림길 77
데미샘자연휴양림,35.6569938,127.4610402,전라북도 진안군 백운면 데미샘1길 172
진안고원치유의숲,35.87516093,127.4177407,전라북도 진안군 정천면 봉학로 171-22
태안사계곡,35.13195828,127.3863807,전라남도 곡성군 죽곡면 태안로 622-215
서동미로시장,35.21586987,129.102466,부산광역시 금정구 서동로141번길 16
스포원파크,35.28912108,129.1070434,부산광역시 금정구 체육공원로399번길 324
한국이슬람부산성원,35.25998626,129.0922564,부산광역시 금정구 금단로 113-13
요산문학관,35.27236562,129.085732,부산광역시 금정구 팔송로 60-6
분원백자자료관,37.49625742,127.3034492,경기도 광주시 남종면 산수로 1642-1
천진암,37.42357313,127.3883989,경기도 광주시 퇴촌면 천진암로 1203
경기도자박물관,37.35028421,127.3347877,경기도 광주시 곤지암읍 경충대로 727
경안천습지생태공원,37.45920014,127.3051169,경기도 광주시 퇴촌면 산수로 1159
팔당물안개공원,37.50956344,127.3174613,경기도 광주시 남종면 산수로 1897
중대물빛공원,37.40272258,127.218054,경기도 광주시 순암로 307
문경 철로자전거(구랑리역),36.66102501,128.0993075,경상북도 문경시 마성면 구랑로 20
문경 철로자전거(가은역),36.64931827,128.0607306,경상북도 문경시 가은읍 대야로 2445
문경 오미자테마터널,36.65989315,128.1286031,경상북도 문경시 마성면 문경대로 1356-1
"고모산성, 토끼비리",36.66292256,128.1290151,경상북도 문경시 마성면 고모산성길 60
무이예술관,37.61527594,128.348787,강원도 평창군 봉평면 사리평길 233
대황강자연휴식체혐장야영장,35.12497878,127.2550756,전라남도 곡성군 석곡면 유정리 37
청계동계곡,35.31375081,127.2525557,전라남도 곡성군 곡성읍 신기리 산 190-1
도림사계곡,35.26724907,127.2575171,전라남도 곡성군 곡성읍 도림로 175
관음사,35.21469614,127.1653199,전라남도 곡성군 오산면 성덕관음길 453
천태암,35.09395689,127.2764599,전라남도 곡성군 목사동면 대신로 381-336
용산재,35.13103091,127.3210133,전라남도 곡성군 목사동면 신숭겸로 226
오션어드벤처,34.843791,128.702943,경상남도 거제시 일운면 거제대로 2660
옥포대첩기념공원,34.902196,128.714059,경상남도 거제시 팔랑포2길 87
조선해양문화관,34.833694,128.701885,경상남도 거제시 일운면 지세포해안로 41
지심도,34.820647,128.751037,경상남도 거제시 일운면 지심도길 56-12
칠천량해전공원,34.977629,128.628247,경상남도 거제시 하청면 칠천로 265-39
한산도 제승당,34.79264032,128.4759648,경상남도 통영시 한산면 한산일주로 70
통영루지,34.82440908,128.4241617,경상남도 통영시 발개로 178
박경리기념관,34.802301,128.4035792,경상남도 통영시 산양읍 산양중앙로 173
해저터널,34.83609021,128.411698,경상남도 통영시 당동 1-3
장사도해상공원,34.71373747,128.5588706,경상남도 통영시 한산면 장사도길 55
통영시립박물관,34.84075153,128.4167887,경상남도 통영시 중앙로 65
삼도수군통제영,34.84715495,128.423489,경상남도 통영시 세병로 27
평택호관광단지,36.914825,126.912951,경기도 평택시 현덕면 평택호길 48
남한산성,37.47669636,127.1884165,경기도 광주시 남한산성면 남한산성로 731
서천무지개분수대,34.9735109,127.5756854,전라남도 광양시 광양읍 칠성리 729
장도전수관,34.97705608,127.5805515,전라남도 광양시 광양읍 매천로 771
도립미술관,34.96887104,127.5903033,전라남도 광양시 순광로 680-4
광양와인동굴,34.96130264,127.6085909,전라남도 광양시 광양읍 강정길 33
광양역사문화관,34.9757671,127.5859802,전라남도 광양시 광양읍 매천로 829
사라실 라벤더 단지,35.04162939,127.270748,전라남도 광양시 주암면 문길리 산 20-2
사라실 예술촌,34.962211,127.626222,전라남도 광양시 사곡로 201
광양 마로산성,34.966742,127.619496,전라남도 광양시 사곡리 산 254
광양 궁시장,34.98778794,127.5865036,전라남도 광양시 광양읍 구산리 716
매천황현생가,34.99341564,127.561707,전라남도 광양시 봉강면 서석길 14-3
몰운대,35.04638172,128.9680068,부산광역시 사하구 몰운대1길 14(다대동)
다대포 꿈의 낙조분수,35.04638172,128.9680068,부산광역시 사하구 몰운대1길 14(다대동)
용호 Sea-Side 관광지,35.101225,129.120361,부산광역시 남구 용호동 산 205번지
고씨굴 관광지,37.13117779,128.5352623,강원도 영월군 김삿갓면 영월동로 1111
팔공산 하늘정원,36.023813,128.696761,경상북도 군위군 부계면 동산리 산 74-18
김수환 추기경 사랑과 나눔 공원,36.232449,128.599613,경상북도 군위군 군위읍 군위금성로 270
사라온 이야기 마을,36.236155,128.567733,경상북도 군위군 군위읍 동서길 49
다산초당,34.5807211,126.7449445,전라남도 강진군 도암면 다산초당길 68-35
고려청자박물관,34.50866203,126.8008374,전라남도 강진군 대구면 청자촌길 33
백련사,34.58775658,126.747892,전라남도 강진군 도암면 백련사길 145
한려수도조망케이블카,34.82665041,128.4251243,경상남도 통영시 발개로 205
간월도관광지,36.60625263,126.4177537,충청남도 서산시 부석면 간월도리 산33 일원
서산류방택천문기상과학관,36.72735767,126.4131464,충청남도 서산시 인지면 무학로 1353-4
서산버드랜드,36.62951253,126.378389,충청남도 서산시 부석면 천수만로 655-73
서포리관광지,37.2232919,126.1169337,인천광역시 옹진군 덕적면 덕적남로606번길 3
백제문화관광단지,36.30386704,126.9007732,충청남도 부여군 규암면 백제문로 400
고래불관광지,36.57151713,129.4190153,경상북도 영덕군 병곡면 고래불로 68
장사해수욕장관광지,36.2824187,129.3755938,경상북도 영덕군 남정면 동해대로 3592
오색관광지,38.07706115,128.5128997,강원특별자치도 양양군 서면 가라피리 165
지경관광지,37.92741327,128.7948611,강원특별자치도 양양군 현남면 지리 5-1
설해원(양양국제공항),38.05555608,128.6641979,강원특별자치도 양양군 손양면 동호리 510-28
표충비,35.471582,128.6520376,경상남도 밀양시 무안면 동부동안길4
작원관지,35.39853126,128.8665763,경상남도 밀양시 삼랑진읍 작원관지길 77
예림서원,35.46605971,128.7299691,경상남도 밀양시 부북면 예림서원로128
밀양향교,35.50660573,128.7545381,경상남도 밀양시 밀양향교3길 19 (교동)
밀양관아,35.49429512,128.754331,경상남도 밀양시 중앙로348
밀양영남루,35.49154522,128.755608,경상남도 밀양시 중앙로324
만어사,35.454932,128.846222,경상남도 밀양시 삼랑진읍 만어로776
유당공원,34.97010442,127.5924243,전라남도 광양시 광양읍 백운로 14
무릉계곡,37.463551,129.014511,강원도 동해시 삼화로 584
망상,37.59225327,129.0896922,강원도 동해시 동해대로 6270-10
추암,37.477063,129.159196,강원도 동해시 촛대바위길 28
삼척해수욕장,37.47034344,129.1647024,강원도 삼척시 수로부인길 453
맹방관광지,37.39591618,129.2207941,강원도 삼척시 근덕면 상맹방길 30-80
장계관광지,36.37753534,127.6350074,충청북도 옥천군 안내면 장계1길 57
온달관광지,37.06295564,128.4929221,충청북도 단양군 영춘면 온달로 23
천동관광지,36.97401141,128.4165952,충청북도 단양군 단양읍 다리안로 520
다리안관광지,36.9647819,128.4207808,충청북도 단양군 단양읍 소백산등산길 12
"목포근대역사관 1관 (구, 일본영사관)",34.78769578,126.3817942,전라남도 목포시 영산로 29번길 6
"목포근대역사관 2관 (구,동양척식주식회사)",34.78596374,126.3814912,전라남도 목포시 번화로 18
문경새재 도립공원,36.76160207,128.0769905,경상북도 문경시 문경읍 새재로 932
문경 에코랄라(석탄박물관 포함),36.65420039,128.0613259,경상북도 문경시 가은읍 왕능길 112
문경 철로자전거(진남역),36.65438526,128.1283486,경상북도 문경시 마성면 진남1길 155
도림사,35.26727743,127.2575047,전라남도 곡성군 곡성읍 도림로 175
성륜사,35.29704978,127.1208706,전라남도 곡성군 옥과면 미술관로 287
사성암,35.18012828,127.480644,전라남도 구례군 문척면 사성암길 303
운조루,35.20594498,127.5152886,전라남도 구례군 토지면 운조루길 59
한국압화박물관,35.19664998,127.4599106,전라남도 구례군 구례읍 동산1길 29
지리산역사문화관,35.24408524,127.4837599,전라남도 구례군 마산면 화엄사로 377-36
섬진강어류생태관,35.18745224,127.5465226,전라남도 구례군 간전면 간전중앙로 47
레인보우힐링관광지,36.15635341,127.7865137,충청북도 영동군 영동읍 매천리 산 35-1
송호관광지,36.12969079,127.676367,충청북도 영동군 양산면 송호로 105
오수의견관광지,35.54520338,127.3326779,전라북도 임실군 오수면 충효로 2096-16
가우도,34.53639075,126.791046,전라남도 강진군 대구면 중저길 31-27
영랑생가,34.6420738,126.7655711,전라남도 강진군 강진읍 영랑생가길 15
오월드,36.28749807,127.3985061,대전광역시 중구 사정공원로 70
뿌리공원,36.28537962,127.3883,대전광역시 중구 뿌리공원로 79
엑스포과학공원,36.37662561,127.3871992,대전광역시 유성구 대덕대로 480
한밭수목원,36.36646857,127.3880154,대전광역시 서구 둔산대로 169
계족산황톳길,36.40406651,127.4297932,대전광역시 대덕구 장동로 59
대청호반,36.47362538,127.4735679,대전광역시 대덕구 대청로 607
장태산휴양림,36.21596913,127.3412778,대전광역시 서구 장안로 461
대전둘레산길,36.30879672,127.4231236,대전광역시 중구 보문산공원로 440
동춘당,36.36537889,127.4412933,대전광역시 대덕구 동춘당로 80
대전문화예술단지,36.366496,127.3880154,대전광역시 서구 둔산대로 169
진주성,35.19043229,128.0802214,경상남도 진주시 남강로 626(본성동)
진양호,35.17660992,128.0362677,경상남도 진주시 남강로1번길 130(판문동)
경상남도 수목원,35.15719862,128.2957346,경상남도 진주시 이반성면 수목원로 386
수로왕릉,35.23487875,128.8772054,경상남도 김해시 가락로93번길 26(서상동)
노고단,35.23629045,127.5547986,전라남도 구례군 토지면 반곡길 42-237
지리산정원,35.28722643,127.4388392,전라남도 구례군 광의면 온동2길 124
섬진강대숲길,35.18633781,127.4652531,전라남도 구례군 구례읍 원방리 1
화엄사,35.25731602,127.4977197,전라남도 구례군 마산면 화엄사로 239
천은사,35.27309271,127.476325,전라남도 구례군 광의면 노고단로 209
용담호및주변시설,35.94593497,127.5256742,전북특별자치도 진안군 안천면 안용로 793
운장산자연휴양림,35.89924607,127.4211096,전북특별자치도 진안군 정천면 휴향림길 77
데미샘자연휴양림,35.6569938,127.4610402,전북특별자치도 진안군 백운면 데미샘1길 172
금강하구둑관광지,36.01993599,126.736726,충청남도 서천군 마서면 장산로 855번길 56-2
춘장대,36.16334922,126.5243355,충청남도 서천군 서면 춘장대길 20
태안사,35.13195828,127.3863807,전라남도 곡성군 죽곡면 태안로 622-215
롯데워터파크,35.17891121,128.8285605,경상남도 김해시 장유로 555(신문동)
클레이아크김해미술관,35.25086479,128.7447968,경상남도 김해시 진례면 진례로 275-51
김해한옥체험관,35.23436297,128.8766847,경상남도 김해시 가락로93번길 40(봉황동)
노무현대통령생가,35.31448783,128.7701595,경상남도 김해시 진영읍 봉하로111번길 16
예술랜드리조트,34.69510702,127.7769452,"전라남도 여수시 돌산읍 무술목길 142-1,"
여수이순신대교,34.88923653,127.704929,전라남도 여수시 묘도7길 110
허준근린공원,37.56759867,126.8537291,서울특별시 강서구 허준로5길 42
양천향교,37.572863,126.839905,서울특별시 강서구 양천로47나길 53
약사사,37.58312625,126.8050072,서울특별시 강서구 금낭화로17길 261
양천고성지,37.57425363,126.8413319,서울특별시 강서구 양천로47나길 52-54
궁산땅굴역사전시관,37.57266746,126.8383649,서울특별시 강서구 양천로49길 106
허가바위,37.56983571,126.8500301,서울특별시 강서구 허준로5길 15
마이산도립공원 일원,35.75700898,127.3938329,전북특별자치도 진안군 마령면 마이산남로 182
불갑사관광지,35.199675,126.550047,전라남도 영광군 불갑면 불갑사로 450
와인터널,35.71513567,128.7205341,경상북도 청도군 화양읍 송금길 100
프로방스 포토랜드,35.68397476,128.7187441,경상북도 청도군 화양읍 이슬미로 272-28
담양호국민관광지,35.4019831,126.9990829,전라남도 담양군 용면 월계리 149-67
죽녹원,35.32535666,126.9866155,전라남도 담양군 담양읍 죽녹원로 119
메타세쿼이아랜드,35.32342607,127.001993,전라남도 담양군 담양읍 학동리 578-4
소쇄원,35.18433903,127.0121793,전라남도 담양군 가사문학면 소쇄원길 17
천제연폭포,33.2526783,126.4183754,제주특별자치도 서귀포시 천제연로 132(중문동)
산방산,33.23697818,126.312306,제주특별자치도 서귀포시 안덕면 산방로 218-11
아담원,35.440571,127.476826,전라북도 남원시 이백면 목가길 193
남원관광지,35.402481,127.386137,전라북도 남원시 양림길 12
여수해상케이블카,34.7402223,127.7529197,전라남도 여수시 자산4길 39
여수세계박람회장,34.75218956,127.7465005,전라남도 여수시 박람회길 1
여수해양공원,34.73676698,127.7484079,전라남도 여수시 하멜로 96
인천도시역사관,37.39281227,126.6358879,인천광역시 연수구 인천타워대로 238
가천박물관,37.41847997,126.6576026,인천광역시 연수구 청량로102번길 40-9
이봉창 의사 집터,37.540313,126.959653,서울특별시 용산구 백범로 275
백범김구기념관,37.54427794,126.959253,서울특별시 용산구 임정로 26
이봉창 의사 역사울림관,37.54010272,126.960852,서울특별시 용산구 백범로 281-9
남이장군 사당,37.536475,126.958433,서울특별시 용산구 효창원로 88-10
연복사탑중창비,37.5279124,126.963212,서울특별시 용산구 한강대로21나길 7
서울 구 용산철도병원 본관(현 용산역사박물관),37.52557465,126.9656016,서울특별시 용산구 한강대로14길 35-29
왜고개 순교성지,37.52990239,126.9719253,서울특별시 용산구 한강대로40길 46
옛 간조 경성지점 사옥,37.53059231,126.970508,서울특별시 용산구 한강대로42길 13
새남터,37.52587942,126.956708,서울특별시 용산구 이촌로 71
천주교 순교성지 새남터 성당,37.52512658,126.9570717,서울특별시 용산구 이촌로 80-8
이태원 부군당,37.53587802,126.9897044,서울특별시 용산구 녹사평대로40다길 37
유관순 열사 추모비,37.53587802,126.9897044,서울특별시 용산구 녹사평대로40다길 37
한강 나루터,37.530347,127.007028,서울특별시 용산구 한남동 524-6
큰한강 부군당(한남제1부군당),37.531338,127.0103972,서울특별시 용산구 한남대로8길 9-9
작은한강 부군당(한남제2부군당),37.529112,127.0047267,서울특별시 용산구 장문로49길 17-10
이슬람 중앙성원,37.5332513,126.997615,서울특별시 용산구 우사단로10길 39
용산공예관,37.539005,127.0020755,서울특별시 용산구 이태원로 274
서빙고동 부군당,37.520454,126.993114,서울특별시 용산구 서빙고로59길 3-6
동빙고 부군당,37.52214299,126.996145,서울특별시 용산구 서빙고로73길 24-27
용산기지 옛 미군장교숙소(현 용산공원),37.52300977,126.989165,서울특별시 용산구 서빙고로 221
김유신 장군 사당,37.523941,127.000688,서울특별시 용산구 서빙고로91길 28-15
보광동 무후묘,37.527058,126.9973443,서울특별시 용산구 장문로15나길 6
새남터 순교성지,37.52512658,126.9570717,서울특별시 용산구 이촌로 80-8
남산&N서울타워,37.55112257,126.9878678,서울특별시 용산구 남산공원길 105
노들섬,37.51766383,126.9580365,서울특별시 용산구 양녕로 445
월봉서원,35.23583653,126.7451862,광주광역시 광산구 광곡길 133
무양서원,35.21001305,126.8400956,광주광역시 광산구 산월로21번길 26
용아생가,35.14942906,126.7951682,광주광역시 광산구 소촌로46번길 24
호가정,35.08243286,126.7871342,광주광역시 광산구 동곡분토길 195
신창동 유적체험학습관,35.19682512,126.8457374,광주광역시 광산구 신창동 632-4
쌍암공원,35.22222807,126.8442514,광주광역시 광산구 첨단중앙로182번길 39
수완호수공원,35.18794733,126.8202489,광주광역시 광산구 장신로82번길 57
송정작은미술관,35.13510527,126.7933629,광주광역시 광산구 송정로30번길 25
구문소 관광지,37.09296812,129.0422636,강원특별자치도 태백시 동태백로11(동점동)
회산백련지,34.86008886,126.5298981,전라남도 무안군 일로읍 백련로 333
인천가스과학관,37.35281836,126.6121219,인천광역시 연수구 인천신항대로960
인천상륙작전기념관,37.42070925,126.6531798,인천광역시 연수구 청량로160번길 26
연희네슈퍼(영화 1987 촬영지),34.78174519,126.3773176,전라남도 목포시 해안로 127번길 14-2
춤추는 바다분수,34.79666213,126.4337909,전라남도 목포시 평화로 82
목포해상케이블카,34.79940179,126.3700239,전라남도 목포시 해양대학로 240
삼학도크루즈,34.78101571,126.387931,전라남도 목포시 삼학로 92번길 104
김대중노벨평화상기념관,34.78285177,126.3922506,전라남도 목포시 삼학로 92번길 68
목포자연사박물관,34.79372717,126.4210674,전라남도 목포시 남농로 135
갓바위,34.79372717,126.4210674,전라남도 목포시 남농로 135
은파관광지,35.95536227,126.6890748,전라북도 군산시 은파순환길9 (나운동)
금강호관광지,36.01987856,126.7653058,전라북도 군산시 성산면 철새로 120
최참판댁,35.15590905,127.688408,경상남도 하동군 악양면 평사리길 66-7
화개장터,35.18798946,127.6240666,경상남도 하동군 화개면 쌍계로 15
삼성궁,35.23870093,127.7054288,경상남도 하동군 청암면 삼성궁길 2
이병주문학관,35.09720238,127.8942256,경상남도 하동군 북천면 이명골길 14-28
하동레일파크,35.11333681,127.8929765,경상남도 하동군 북천면 경서대로 2446-6
지리산역사관,35.2896912,127.646527,경상남도 하동군 화개면 화개로 1438
하동코리아짚와이어,34.98260917,127.894714,경상남도 하동군 금남면 경충로 493-9
하동 플라이웨이 케이블카,34.98083847,127.8952769,경상남도 하동군 금남면 경충로 461-7
선바위관광지,36.60854407,129.0820141,경상북도 영양군 입암면 영양로 883-16
고씨굴 관광지,37.13117779,128.5352623,강원도 영월군 김삿갓면 영월동로 1111
괴강,36.80676203,127.8252917,충청북도 괴산군 괴산읍 충민로검승3길 10
수옥정,36.81361722,128.036232,"충청북도 괴산군 연풍면 수옥정길 174, 수옥정관광지관리사무소"
칠백의총,36.13145413,127.4923212,충청남도 금산군 금성면 의총리 216
태고사,36.13440357,127.3251004,충청남도 금산군 진산면 청림동로 440
개삼터,36.07533917,127.4783939,충청남도 금산군 남이면 개삼로 101
태조대왕태실,36.19976177,127.4543633,충청남도 금산군 추부면 마전리 산 1-86
보석사,36.054757,127.4753969,충청남도 금산군 남이면 보석사1길 30
보석사   은행나무,36.054757,127.4753969,충청남도 금산군 남이면 보석사1길 30
천안종합휴양관광지,36.75731215,127.2240961,충청남도 천안시 동남구 성남면 종합휴양지로 200
태조산관광지,36.82207666,127.1889559,충청남도 천안시 동남구 태조산길 261
석정온천관광지,35.43111098,126.7405968,전라북도 고창군 고창읍 석정2로 173
창원단감테마공원,35.29915488,128.6632468,경상남도 창원시 의창구 동읍 동읍로 359번길 27
창원의집,35.24444959,128.6813533,경상남도 창원시 의창구 사림로 16번길 59
주남저수지,35.30732964,128.6779306,경상남도 창원시 의창구 동읍 주남로 101번길 26
마금산온천,35.35464845,128.6094168,경상남도 창원시 의창구 북면 천주로 1167
창원과학체험관,35.230268,128.6617774,경상남도 창원시 성산구 충혼로 72번길 16
마산해양레포츠센터,35.19796654,128.5759021,경상남도 창원시 마산합포구 제2부두로 56
웅천도요지전시관,35.12738997,128.8155983,경상남도 창원시 진해구 두동도요로 198
진해해양레포츠센터,35.14129989,128.6883002,경상남도 창원시 진해구 천자로 160
안성남사당공연장,37.03172757,127.3101553,안성시 보개면 남사당로 198-2
안성맞춤랜드,37.03326816,127.3102514,안성시 보개면 남사당로 198
안성맞춤캠핑장,37.0301714,127.3134194,안성시 보개면 남사당로 196-31
사계절썰매장,37.03132577,127.3113281,안성시 보개면 남사당로 198-3
천문과학관,37.03291074,127.3125372,안성시 보개면 남사당로 198-9
공예문화센터,37.0345765,127.3112908,안성시 보개면 남사당로 198-11
안성맞춤박물관,37.011318,127.228354,안성시 대덕면 서동대로 4726-15
안성3.1운동기념관,37.06278592,127.1752942,안성시 원곡면 만세로 868
박두진문학관,37.03497856,127.3108743,안성시 보개면 남사당로 198-11
고양관광정보센터,37.65948674,126.7726989,경기도 고양시 일산동구 중앙로1271-1
행주산성,37.59610775,126.8287118,경기도 고양시 덕양구 행주로 15번길 89
광명동굴,37.42467857,126.8634321,경기도 광명시 가학로 85번길 142
산정호수,38.065669,127.315722,경기도 포천시 영북면 산정호수로411번길 5 일원
백운계곡,38.072165,127.409889,경기도 포천시 이동면 포화로 236-24 일원
화암관광지,37.35092374,128.7896216,강원특별자치도 정선군 화암면 화암동굴길 12-13
아우라지 관광지,37.47574407,128.7243663,강원특별자치도 정선군 여량면 아우라지길 69
예술의전당,37.4802402,127.0142152,서울특별시 서초구 남부순환로 2406
국립국악원,37.47771881,127.0098185,서울특별시 서초구 남부순환로 2364
헌인릉,37.46537744,127.0837156,서울특별시 서초구 헌인릉길 36-10
매헌 윤봉길의사 기념관,37.4730498,127.0369771,서울특별시 서초구 매헌로 99
고투몰,37.50622031,127.0050517,서울특별시 서초구 신반포로 지하200
세빛섬· 반포대교 달빛무지개분수,37.5124362,126.9959623,서울특별시 서초구 올림픽대로 2085-14
삼성딜라이트,37.4966085,127.0269023,서울특별시 서초구 서초대로74길 11
오성한옥마을,35.90695186,127.2367573,전라북도 완주군 소양면 오도길 73
무궁화오토캠핑장,35.97398132,127.2315513,전라북도 완주군 고산면 고산휴양림로 89
송광사&벚꽃길,35.885763,127.2417509,전라북도 완주군 소양면 송광수만로 255-16
위봉사&위봉폭포&위봉산성,35.9105769,127.2572831,전라북도 완주군 소양면 위봉길 53
화암사,36.06629938,127.2872339,전라북도 완주군 경천면 화암사길 271
춘향테마파크,35.401464,127.386902,전라북도 남원시 양림길 14-9
남원항공우주천문대,35.399194,127.387388,전라북도 남원시 양림길 48-63
남원시립김병종미술관,35.398706,127.389555,전라북도 남원시 함파우길 65-14
혼불문학관,35.481096,127.319992,전라북도 남원시 사매면 노봉안길 52
국악의 성지,35.459997,127.569101,전라북도 남원시 운봉읍 비전길 69
지리산허브밸리,35.435092,127.548617,전라북도 남원시 운봉읍 바래봉길 214
남원백두대간생태교육장전시관,35.397328,127.5079302,전라북도 남원시 운봉읍 운봉로 151
만인의총,35.420404,127.377325,전라북도 남원시 만인로 3
만리포 관광지,36.79000781,126.1465709,충청남도 태안군 소원면 만리포2길 190-3
한탄강관광지,38.00887699,127.0588604,경기도연천군전곡읍선사로76
연천재인폭포,38.07672631,127.142345,경기도 연천군 연천읍 부곡리 193
연천호로고루,37.98583872,126.8596065,경기도 연천군 장남면 원당리 1258
당포성,38.02350322,126.9854182,경기도 연천군 미산면 동이리 778
연천전곡리유적,38.01564838,127.0614526,경기도연천군전곡읍양연로1510
무주 덕유산 리조트,35.889797,127.731389,전북특별자치도 무주군 설천면 만선로 185
대둔산도립공원,36.11708032,127.3328815,전라북도 완주군 운주면 대둔산공원길 23
모악산도립공원,35.72946608,127.1098589,전라북도 완주군 구이면 모악산길 91
고산자연휴양림,35.96224205,127.2328719,전라북도 완주군 고산면 고산휴양림로 246
상관 공기마을 편백숲,35.737491,127.2023884,전라북도 완주군 상관면 죽림편백길 191-24
대아수목원&대아호,35.97623865,127.3003851,전라북도 완주군 동상면 대아수목로 94-34
비비정,35.90154901,127.071693,전라북도 완주군 삼례읍 비비정길 96-9
비비정예술열차,35.89880244,127.0676418,전라북도 완주군 삼례읍 비비정길 73-21
삼례문화예술촌,35.90623513,127.0658535,전라북도 완주군 삼례읍 삼례역로 81-13
삼례책마을,35.90745719,127.065756,전라북도 완주군 삼례읍 삼례역로 68
그림책미술관,35.90832046,127.068059,전라북도 완주군 삼례읍 삼례역로 48-1
대한민국술테마박물관,35.726048,127.1361627,전라북도 완주군 구이면 덕천전원길 232-58
완주전통문화체험장,35.98879491,127.261342,전라북도 완주군 고산면 대아저수로 416
청소년전통문화체험관,35.98879491,127.261342,전라북도 완주군 고산면 대아저수로 416
놀토피아,35.98879491,127.261342,전라북도 완주군 고산면 대아저수로 416
부평아트센터,37.4822383,126.7049334,인천광역시 부평구 아트센터로 166
기후변화체험관,37.50932668,126.7307645,인천광역시 부평구 장제로 267
부평역사박물관,37.51214216,126.7379081,인천광역시 부평구 굴포로 151
부평안전체험관,37.51098789,126.7333177,인천광역시 부평구 굴포로 110
인천나비공원,37.52026697,126.6927245,인천광역시 부평구 평천로 26-47
오색관광지,38.07706115,128.5128997,강원도 양양군 서면 가라피리 165
지경관광지,37.92741327,128.7948611,강원도 양양군 현남면 지리 5-1
설해원(양양국제공항),38.05555608,128.6641979,강원도 양양군 손양면 동호리 510-28
좌구산휴양랜드,36.70556821,127.6511216,충청북도 증평군 증평읍 솟점말길 107
좌구산 천문대,36.70370345,127.6530963,충청북도 증평군 증평읍 솟점말길 187
증평민속체험박물관,36.7638886,127.5955694,충청북도 증평군 증평읍 둔덕길 89
보강천 미루나무숲,36.78834006,127.5810146,충청북도 증평군 증평읍 송산리 649-45
증평인삼문화센터,36.79588146,127.5817602,충청북도 증평군 증평읍 중부로 2451
에듀팜특구관광단지(벨포레리조트),36.84514868,127.5821182,충청북도 증평군 도안면 벨포레길 346
황령산관광지,35.1552432,129.1029084,부산광역시 수영구 황령산로 156
이바구공작소,35.11709939,129.0338233,부산광역시 동구 망양로486번길 14-13
장기려더나눔센터,35.11853593,129.0326526,부산광역시 동구 영초윗길 48
이바구충전소,35.11735028,129.034686,부산광역시 동구 영초윗길 25
168계단 부대시설,35.1176995,129.0353474,부산광역시 동구 영초윗길26번길 14
김민부전망대,35.1176995,129.0353474,부산광역시 동구 영초윗길26번길 14
유치환의 우체통,35.12209588,129.0338423,부산광역시 동구 망양로580번길 2
소흥관(한중우호센터),35.11507608,129.0375502,부산광역시 동구 초량중로 36
만화체험관,35.13778041,129.0497944,부산광역시 동구 성북로 42-1
안용복기념 부산포개항문화관,35.13563677,129.0529467,부산광역시 동구 증산로 100
좌천동굴,35.13325838,129.0522683,부산광역시 동구 고관로185번길 1
만화카페,35.13675143,129.0496096,부산광역시 동구 성북로 31
명란브랜드연구소,35.117117,129.035016,부산광역시 동구 영초윗길 22-1
농월정,35.62464301,127.7815571,경상남도 함양군 안의면 농월정길 9-35
속초해수욕장,38.19014712,128.603531,강원도 속초시 해오름로 186
척산온천,38.190269,128.5407013,강원도 속초시 관광로 327
설악한화리조트,38.21030027,128.5287216,강원도 속초시 미시령로 2983번길 111
우장춘기념관,35.213515,129.0720181,부산광역시 동래구 우장춘로62번길 7(온천동)
장영실과학동산,35.20916308,129.0896688,부산광역시 동래구 동래역사관길 18(복천동)
박차정의사생가,35.20169645,129.090397,부산광역시 동래구 명륜로 98번길 129-10(칠산동)
금강공원,35.21962513,129.075758,부산광역시 동래구 우장춘로 155 (온천동)
허심청,35.221157,129.0826889,부산광역시 동래구 온천장로107번길 32 (온천동)
복천박물관,35.20877662,129.0911741,부산광역시 동래구 복천로 63(복천동)
충렬사,35.199577,129.0959922,부산광역시 동래구 충렬대로 345
해양자연사박물관,35.2219498,129.075647,부산광역시 동래구 우장춘로 175 (온천동)
서창한옥문화관,35.11523537,126.8300424,광주광역시 서구 눌재로 420
용대관광지,38.18568475,128.3061965,강원도 인제군 북면 십이선녀탕길 16
방동관광지,37.94387136,128.3962628,강원도 인제군 기린면 방동약수로 89-59
에코촌유스호스텔,34.92310938,127.5164423,전라남도 순천시 해룡면 생태배움길 123
순천자연휴양림,35.04388083,127.4744949,전라남도 순천시 서면 청소년수련원길 170
기독교역사박물관,34.96043473,127.4801207,전라남도 순천시 매산길 61(매곡동)
승주골프장,34.89477542,127.4482083,전라남도 순천시 별량면 오실길 333
파인힐스골프장,35.03454985,127.2723022,전라남도 순천시 주암면 송광사길 99
레이크힐스골프장,35.0453779,127.3092617,전라남도 순천시 주암면 행정1길 77
순천컨트리클럽,34.86653556,127.4059214,전라남도 순천시 별량면 동화사길 85
부영컨트리클럽,34.94005246,127.5555065,전라남도 순천시 해룡면 신대로 188
고석정,38.18542141,127.2874037,강원도 철원군 동송읍 태봉로 1825
직탕,38.2069247,127.2690548,강원도 철원군 갈말읍 직탕길 32
그림책도서관,34.9579091,127.4860252,전라남도 순천시 도서관길 33(동외동)
순천시청소년수련원,35.04652524,127.4733227,전라남도 순천시 서면 청소년수련원길 167
순천용오름마을,35.0921171,127.2020571,전라남도 순천시 주암면 운룡2길 17
순천향매실마을,35.0622232,127.4045173,전라남도 순천시 월등면 계월길 138
순천생태마을,35.06648711,127.3602718,전라남도 순천시 승주읍 고산도목길 9
거차뻘배체험마을,34.8375993,127.4474457,전라남도 순천시 별량면 거차길 130
낙안민속자연휴양림,34.91226789,127.3523884,전라남도 순천시 낙안면 민속마을길 1600
신정호국민관광지,36.77152141,126.9839152,충청남도 아산시 신정로 616
아산온천관광지,36.69884759,126.9666069,충청남도 아산시 송악면 도송로632번길 138
포로수용소유적공원,34.87637998,128.625371,경상남도 거제시 계룡로 61
거제해금강,34.73266258,128.683858,경상남도 거제시 남부면 갈곶리 산 1
외도,34.769507,128.7129368,경남 거제시 일운면 외도길 17
공곶이,34.79451496,128.713906,경상남도 거제시 일운면 와현리 87
김영삼전대통령생가기록전시관,34.931413,128.715439,경상남도 거제시 장목면 옥포대첩로 743
문동휴양지,34.85648266,128.6628354,경상남도 거제시 문동동 산 8
바람의언덕,34.74401583,128.6632699,경상남도 거제시 남부면 갈곶리 산14-47
우제봉전망대,34.732023,128.673563,경남 거제시 남부면 갈곶리 산2-16
방화동가족휴가촌,35.59064179,127.5268761,전북특별자치도 장수군 번암면 방화동로 778
운일암반일암,35.97596963,127.408748,전북특별자치도 진안군 주천면 동상주천로 1924
간현관광지,37.36489327,127.832544,강원도 원주시 지정면 소금산길 26
봉두산,35.13195828,127.3863807,전라남도 곡성군 죽곡면 태안로 622-215
설산,35.29950593,127.1025224,전라남도 곡성군 옥과면 설옥리 산 256-1
명승 거창 수승대,35.760923,127.8336763,경상남도 거창군 위천면 은하리길 2
가조온천,35.69875771,128.0231044,경상남도 거창군 가조면 온천길161
김포평화누리길 1코스,37.6535376,126.5533799,경기도 김포시 대곶면 대명리 561(대명항)
김포평화누리길 2코스,37.73869766,126.5484911,경기도 김포시 월곶면 성동리 산49(문수산성)
김포평화누리길 3코스,37.70077831,126.6622045,경기도 김포시 하성면 전류리 43-4(전류리 포구)
김포 장릉,37.6107519,126.7126583,경기도 김포시 장릉로 79(풍무동)
애기봉 평화생태공원,37.75316598,126.5942484,경기도 김포시 월곶면 평화공원로 289
문수산성,37.7429948,126.5467533,경기도 김포시 월곶면 성동리 산50
김포함상공원,37.6406387,126.539261,경기도 김포시 대곶면 대명항1로 110-36
덕포진,37.6506248,126.5387862,경기도 김포시 대곶면 덕포진로103번길 90
덕포진교육박물관,37.6506248,126.5387862,경기도 김포시 대곶면 덕포진로103번길 90
섬진강문화학교 독도사진전시관,35.14820762,127.3603367,전라남도 곡성군 죽곡면 태안로 793
시사교육박물관 김갑진 갤러리,35.11000012,127.262542,전라남도 곡성군 목사동면 대곡당산길 1
아산조방원미술관,35.29706668,127.1226056,전라남도 곡성군 옥과면 미술관로 288
곡성생태체험관,35.31719414,127.1699834,전라남도 곡성군 옥과면 월파로 295
심청효문화센터,35.20836622,127.1288481,전라남도 곡성군 오산면 오산로 254-4
심청골짝나라학교,35.17183675,127.2580116,전라남도 곡성군 석곡면 방주마천목길 107
심청한옥마을,35.23063008,127.3575205,전라남도 곡성군 오곡면 심청로 178
곡성청소년야영장,35.22777786,127.369723,전라남도 곡성군 고달면 가정마을길 51
곡성기차마을전통시장,35.27976851,127.2984461,전라남도 곡성군 곡성읍 곡성로 856
곡성기차마을 패러글라이딩체험,35.26672854,127.3087391,전라남도 곡성군 오곡면 덕산리 123-6
섬진강 레일바이크,35.23015492,127.3682034,전라남도 곡성군 오곡면 섬진강로 1465 (가정역)
곡성집라인,35.23192974,127.3698908,전라남도 곡성군 오곡면 섬진강로 1492
대황강 출렁다리,35.15035107,127.3286414,전라남도 곡성군 죽곡면 태평리 783
반구정습지,35.11550817,127.2453298,전라남도 곡성군 석곡면 봉전리 34-1
대황강자연휴식공원,35.12890532,127.2559931,전라남도 곡성군 석곡면 석곡리 246-12
섬진강변 철쭉길,35.26690786,127.3325028,전라남도 곡성군 오곡면 섬진강로 2068
섬진강변 자전거하이킹,35.27753393,127.3082912,전라남도 곡성군 오곡면 기차마을로 232
두계 농촌체험 휴양마을,35.24354627,127.3790396,전라남도 곡성군 고달면 두계길 126
봉조 농촌체험 휴양마을,35.21496518,127.3604656,전라남도 곡성군 오곡면 봉조길 114
상한 농촌체험 휴양마을,35.16105726,127.3987916,전라남도 곡성군 죽곡면 상한길 240
무창 농촌체험 휴양마을,35.28642041,127.1520961,전라남도 곡성군 옥과면 금의길 59
안개 농촌체험 휴양마을,35.29052093,127.3419816,전라남도 곡성군 고달면 고산로 39-18
가정 농촌체험 휴양마을,35.22727591,127.3704119,전라남도 곡성군 고달면 가정마을길 65
죽산 농촌체험 휴양마을,35.23352336,127.1752282,전라남도 곡성군 겸면 죽산하늘재길42
용암 농촌체험 휴양마을,35.12878212,127.3134337,전라남도 곡성군 목사동면 용사용암길 8-2
칠봉 농촌체험 휴양마을,35.24620059,127.1802226,전라남도 곡성군 겸면 칠봉길 89
봉정 농촌체험 휴양마을,35.19394727,127.3107811,전라남도 곡성군 죽곡면 봉정길 43-137
대신주말농장 정보화마을,35.29488111,127.3237142,전라남도 곡성군 곡성읍 신리길 24-1
심우장,37.5936268,126.9916662,서울특별시 성북구 성북로29길 24
길상사,37.59910942,126.9946522,서울특별시 성북구 선잠로5길 68(성북동)
한국가구박물관,37.60037831,126.9934492,서울특별시 성북구 대사관로121
성류굴 관광지,36.95884825,129.3794409,경상북도 울진군 근남면 성류굴로 202
백암온천 관광지,36.72132775,129.343467,경상북도 울진군 온정면 온천로 7
꽃보라동산,35.88935018,128.601059,대구광역시 북구 산격동 1500-6
운암지수변공원,35.93241418,128.5674979,대구광역시 북구 구암동 349
팔달대교 야경,35.89629048,128.5491628,대구광역시 북구 팔달동 524-4
금호강하중도,35.90019471,128.5595886,대구광역시 북구 노곡동 673
경북대학교 캠퍼스,35.88909849,128.6143217,대구광역시 북구 대학로80
함지공원,35.9424608,128.570482,대구광역시 북구 동암로38길 9
구암서원,35.89881592,128.5989989,대구광역시 북구 연암공원로17길 20
침산정,35.897221,128.5848591,대구광역시 북구 침산남로9길 118
화순온천,35.1624699,127.0837781,전라남도 화순군 백아면 옥리길 14-7
도곡온천,35.02470562,126.903529,전라남도 화순군 도곡면 온천2길 44
운주사,34.92906333,126.8825635,전라남도 화순군 도암면 천태로 91-44
사계고택,36.265691,127.2719783,충청남도 계룡시 두마면 사계로 122-4
모원재,36.254886,127.2732753,충청남도 계룡시 두마면 왕대2길6-10
염선재,36.2693923,127.261851,충청남도 계룡시 사계로 5-16(금암동)
이심원충신정려현판,36.280034,127.2470773,충청남도 계룡시 금암1 길 7(금암동)
신원재,36.255245,127.2705257,충청남도 계룡시 두마면 왕대2길43
경산상대온천,35.78037855,128.7922287,경상북도 경산시 남산면 상대로116길 18
동의한방촌,35.79937497,128.800141,경상북도 경산시 남산면 삼성현공원로38
삼성현역사문화공원,35.80168834,128.7966117,경상북도 경산시 남산면 삼성현공원로59
자인계정숲,35.81784608,128.8189958,경상북도 경산시 자인면 계정길 68
창녕 우포늪,35.54456088,128.4191195,경상남도 창녕군 유어면 우포늪길 220
화왕산,35.54419647,128.5344873,경상남도 창녕군 창녕읍 옥천리 산322
부곡온천관광특구,35.4361725,128.5916371,경상남도 창녕군 부곡면 원앙로 218
낙동강 유채단지,35.384718,128.4715696,경상남도 창녕군 남지읍 남지리 835-25
달성토성마을,35.87331563,128.5753765,대구광역시 서구 국채보상로 83길 21 (비산동) 일대
대성관광지,37.681431,127.379521,경기도 가평군 청평면 대성강변길 14
산장관광지,37.754183,127.410629,경기도 가평군 상면 덕현산장길 71 산장관광지
신라불교초전지,36.29090918,128.3633378,경상북도 구미시 도개면 도개다곡길 389-46
창녕 남지 개비리,35.3945598,128.4405466,경상남도 창녕군 남지읍 용산리 160-2
산토끼노래동산,35.57772326,128.38358,경상남도 창녕군 이방면 이방로 623
창녕 영산 만년교,35.45282939,128.5283272,경상남도 창녕군 영산면 동리 433
하회관광지,36.5489594,128.5274931,경상북도 안동시 풍천면 전서로 206
안동문화관광지,36.5695076,128.7786154,경상북도 안동시 관광단지로 346-30
능강관광지,36.99002277,128.1956764,충청북도 제천시 수산면 옥순봉로 1248
금월봉관광지,37.04384263,128.1736527,충청북도 제천시 금성면 청풍호로 1316
계산관광지,37.017861,128.130911,충청북도 제천시 청풍면 계산리 9-4
만남의광장,37.01083356,128.1811895,충청북도 제천시 청풍면 청풍호로50길 6
제천 성내관광지,37.03366403,128.1751729,충청북도 제천시 금성면 청풍호로 1482
제천온천관광지,36.92183352,128.1819714,충청북도 제천시 수산면 내리 산24
교리관광지,37.01656717,128.1768531,충청북도 제천시 청풍면 청풍호로 1798
팔봉산관광지,37.703098,127.695183,강원특별자치도 홍천군 서면 한치골길 1124
소노벨비발디파크,37.65233706,127.6873348,강원특별자치도 홍천군 서면 한치골길 262
오전약수관광지,37.01209531,128.7457209,경상북도 봉화군 물야면 문수로 1541
다덕약수관광지,36.9141215,128.8273232,경상북도 봉화군 봉성면 다덕로 873
다도박물관,37.7375035,126.5744366,경기도 김포시 월곶면 애기봉로275번길 187-49
