축제명,개최기간,개최지역,설명
용설애(愛) FESTA,7.20.~10.20.|11:30~16:30,경기도 안성시,"""용설애(愛) FESTA""는 7월부터 10월까지 가족과 어린이를 메인 관람객으로 진행되는 축제로, 다채로운 실내·외 프로그램(에어바운스)과 먹거리가 준비되어 있다."
양평메기수염축제,5.11.~9.8.|10:00~16:00,경기도 양평군,양평은 대한민국에서 맑은 물로 유명한 곳입니다. 그곳에서도 수미마을은 365일 축제로 유명한 곳이다. 양평의 맑은 물과 농촌관광의 메카인 수미마을 메기의 우수성을 알리고자 여름을 맞이해서 ‘양평 메기수염 축제’를 기획하였다.
이월드 트로피컬 아쿠아월드,6.15.~8.31.|이월드홈페이지참고,대구시 달서구,"이번 <이월드 트로피컬 아쿠아월드>에서는 낮에는 하와이안 휴양존으로 떠나는 아쿠아빌리지와 밤에 흠뻑 젖을 수 있는 EDM 워터파티인 다이나믹 아쿠아밤을 선보인다.  올해 새롭게 선보이는 다이나믹 아쿠아밤에서는 다이나믹 광장이 0000으로 변신한다. 초대형 워터 캐논과 함께 흠뻑 젖으며 신나는 EDM을 즐기며 일상에 지친 스트레스와 한 여름밤의 무더위를 날려보자. 또한 이번 아쿠아빌리지는 휴양지 느낌으로 변신하여, 어린이부터 어른까지 모두 다 즐길 수 있는 초대형 스위밍 풀을 오픈한다. 더위를 날리는 짜릿한 워터슬라이드가 있는 성인용 풀부터 수심 60cm의 어린이용 풀까지 모두 만나볼 수 있다. 

또한 이월드 여름시즌에는 <이월드 트로피컬 아쿠아월드> 외에도  푸르른 수국을 만나볼 수 있는 <이월드 블루밍가든>, 2천평 포시즌스를 가득 채운 해바라기를 만날 수 있는 등 여름 내내 다채로운 볼거리를 제공한다."
쁘띠프랑스 & 이탈리아마을 베니스가면축제,7.1.~8.31.|09:00~18:00,경기도 가평군,"한국 안에 작은 유럽 마을 쁘띠프랑스 & 이탈리아 마을은, 코로나 이후 마스크 없이 다닐 수 있는 첫 여름을 맞이하여 세계 10대 축제 중 하나로 손꼽히는 이탈리아 베네치아의 가면 축제를 주요 테마로 행사를 진행한다. 인근 청평 호반의 시원한 경치와 함께 쁘띠프랑스&이탈리아 마을에 방문하여, 교육적이고 재미있는 문화행사를 가족, 연인과 함께 즐길 수 있다."
마노르블랑 수국축제,4.10.~8.31.|09:00~19:00(마지막주문18시),제주도 서귀포시,마노르블랑은 서귀포시에 위치한 정원이 아름다운 수목원/식물원/카페 이다. 이곳은 작년에 이어 올해도 유럽수국축제를 맞이하고 있다. 축제기간은 4월부터 8월까지이다. 우리나라 최남단에 위치하고 있어 노지 수국들이 우리나라에서 가장 빨리 개화중이다. 제주 수국을 비롯하여 전세계 30여종 7천여본 수국은 오직 마노르블랑에서만 만날수있다. 작년에 비해 더 많고 다양한 수국들로 준비되었고 사랑과 정성으로 가꾸어진 다양한 수국들을 마노르블랑 곳곳에서 만날 수 있다. 또한 산방산과 송악산 사이로 형제섬과 사계앞바다가 보이는 환상적인 조망은 마노르블랑에서만 만날 수 있다. 환상적인 조망과 함께 수국 인생샷을 남길 수 있는 다양한 산책로와 포토존이 준비되어 있고 야외 잔디정원에서는 피아노 연주 버스킹을 즐길 수 있다.
서울거리공연 구석구석 라이브,4.1.~11.30.|11:30~19:30,서울시 마포구,"2024 서울거리공연 구석구석라이브는 서울 전역 50곳의 장소에서 진행되는 거리 공연이다. 문화 예술을 통해 시민들에게 일상의 이벤트를 가져다주고, 다양한 문화공연 향유 기회를 확대하기 위해 진행되며 공개모집을 통해 선발된 150팀의 아티스트들이 11월 말까지 서울의 다양한 장소에서 공연을 진행할 예정이다."
청도 프로방스 빛축제,2.19.~11.17.|15:00~22:00(매주수요일휴무),경상북도 청도군,"1996년 청도 테마랜드로 오픈하였다. 2012년 청도프로방스 포토랜드로 새롭게 단장하여 여러분을 맞이한지 10년이 흘렀다.

프랑스의 정감 있는 프로방스 마을을 청도에 그대로 재현하였다. 투명한 햇살 아래 무르익은 포도, 광활하게 펼쳐진 보랏빛의 라벤더, 풍요로운 대자연 속에 독특한 문화와 예술이 살아 숨 쉬는 그곳은 바로 프랑스 남동부 지역의 프로방스 마을이다. 고흐, 세잔, 샤갈, 마티스 등이 사랑한 그곳 프로방스 마을로의 로맨틱한 여행과 빛 축제를 즐길 수 있는 곳이다. 낮에는 100여 가지 다양한 포토존과 아기자기한 소품, 예쁜 집들이 여러분을 맞이하고 어둠이 내리면 눈부시게 빛나는 빛 축제로 변신하는 곳이다."
DMZ OPEN 페스티벌,5.9.~11.16.,경기도 파주시,"2024년 DMZ OPEN 페스티벌이 다시 돌아왔다. DMZ OPEN은 닫힌 DMZ의 문을 열어 전문가부터 일반인 모두에게, 학술부터 스포츠, 예술까지 다양한 장르의 오픈을 상징하는 축제이다. 2024년 5월 9일부터 11월 16일까지, 경기도 DMZ에서 진행되며, 주요 행사로는 [DMZ 느끼다] 전시·콘서트·국제 음악제, [DMZ 생각하다] 포럼·해커톤·강연·오픈 랩, 그리고 [DMZ 걷다] 걷기·마라톤 등이 준비되어 있다."
한국민속촌 조선살인수사,4.6.~11.10.|13:00~21:00(금토일및공휴일),경기도 용인시,"관람객이 직접 살인사건을 추리하는 추리 콘텐츠 ‘조선살인수사’를 11월 10일까지 금·토·일 및 공휴일 간 진행한다.
‘조선시대 살인사건’을 주제로 하는 이 콘텐츠는 관람객이 직접 암행어사가 되어 조선시대 살인사건의 범인을 찾아야 한다.
사또가 풀지 못한 살인사건 속 살해 방법을 찾아 사건의 범인을 추리하는 콘텐츠이다."
"한국민속촌 살귀옥, A Haunted Prison",4.6.~11.10.|13:30~21:30(금토일및공휴일),경기도 용인시,"‘살귀옥’은 무당 이화가 장악한 신당골이 귀굴로 변한 지 5년째 되는 해, 신당골 고갯마루에 악귀에 빙의된 살귀들이 살고 있다는 소문으로 시작된다. 소문 속 살귀들의 정체를 밝히기 위해 체험자들은 퇴마술사가 돼 살귀들의 세상으로 들어가지만, 도망칠 수 없는 극한의 공포를 경험할 수 있다.

체험코스는 총 8개로 나뉘며, 체험 진행에는 15분 정도가 소요된다. 체험자들은 내자원 뒤의 피가 묻어있는 길로 상상력을 자극하는 심리적 공포를 안고 출발한다. 약 400m의 국내 최장 야외코스에서는 덫을 놓아 사람을 사냥하는 등 기괴한 공간 연출로 무언가 나타날 것 같은 두려움을 느낄 수 있다. 지하로 내려가는 미로 구간에서는 문을 열어야만 나아갈 수 있어 극악의 공포를 느끼게 된다.

일부 구간은 도망칠수록 갇혔다는 공포 때문에 폐쇄공포증이 유발될 수 있어 주의가 필요하다. 

‘살귀옥’은 전작의 공포체험보다 공포 수위가 높아 만 13세 이상부터 체험할 수 있으며, 노약자, 임산부, 심장질환자는 참여할 수 없다. 체험코스 마지막 구간에서는 직접 금줄을 만들어 살귀들을 봉인하는 이벤트에 참여하고 리워드도 받아 갈 수 있다."
부산국제매직페스티벌,3.23.~12.15.|행사및프로그램별상이,부산시 해운대구,"부산 국제매직페스티벌은 2006년부터 시작되어 문화콘텐츠 산업의 떠오르는 블루오션인 ‘매직’을 테마로 한 국내 100만 매직 마니아의 꿈의 축제인 국내 유일 세계 최대 규모의 마술 페스티벌이다. 올해 12월까지 진행되는 제19회 부산 국제매직페스티벌에는 매직 판타지아 시즌 2, 매직서커스[봄], 매직 컨벤션, 제6회 버스킹 챔피언십, 매직서커스[가을], 크리스마스 특집 매직 갈라쇼 등 다양한 행사들이 준비되어 있다."
양화진 근대사 뱃길탐방,2.17.~12.4.|13:30~16:00,서울시 마포구,"양화진 근대사 뱃길 탐방은 서울 양화나루와 잠두봉 유적 일대를 중심으로 마포, 한강 일대의 문화유산을 뱃길에서 향유하는 프로그램으로, 문화재청의 문화 프로그램인 생생 문화유산 사업에 등록되어 있다. 서울특별시 마포구에서 주최하고 ㈜컬처앤 로드 문화유산 활용 연구소에서 주관한다.

주요 프로그램으로는 양화진 근대사 뱃길 탐방 근대의 물결을 타다, 양화나루에서 즐기는 양화진 나루 잇기, 문화유산 활동가를 양성하는 양화진 이야기꾼 양성과정, 온라인 키트 체험 당인리 밤마실이 있다. 그중에서 대표 프로그램인 양화진 뱃길 탐방을 소개하고자 하며, 보다 자세한 사항은 컬처 앤 로드 블로그 혹은 양화나루와 잠두봉 유적 네이버 카페에서 확인할 수 있다."
문화가 있는 날 청춘마이크 충청권,05.29~2024.12.01,대전시 서구,"문화가 있는 날 청춘마이크 충청권 청춘개화, 모두 다 꽃이야는 문화체육관광부가 주최하고 지역문화진흥원이 주관하는 지역과 일상에서 누리는 수준 높은 청년예술가 거리공연이다.

국민 문화 향유 기회를 확대하고, 열정과 재능이 있는 청년 예술가들에게 공연 기회 마련 및 홍보 지원, 청년 세대 간의 교류·협력의 경험을 통해 청년예술가로 성장 할 수 있도록 돕고 있다. 

올해 청춘 마이크 충청권 공연은 충청도의 높은 자살률이라는 어두운 사회적 이슈를 모티브로 청춘개화, 모두 다 꽃이야라는 주제로 문화예술이 주는 치유의 역할을 통해 주민들을 위로하고 응원하는 메시지를 담아 정서적 돌봄과 즐거움이 넘치는 축제 현장이다."
문화가 있는 날 실버마이크 <전라·제주 권역>,6.26.~12.1.,광주시 광산구,"올해 실버마이크 전라/제주권역은 전 세대에게 삶의 메시지를 제공하고, 모두가 어울릴 수 있는 교류의 장을 만들기 위한 콘셉트로 운영된다. 이른이라는 주제는 단순히 공연 실력을 뽐내는 자리가 아니라, 그들의 이야기와 열정을 담아 인생에서 가장 빛나는 순간을 지역민과 공유하기 위해 기획된 공연이다.


삶의 많은 부분에 이르렀지만, 그럼에도 멈추기엔 아직 이른 실버예술가의 무대는 그들의 다음 여정을 담고 있는 곳이다. 누구나 겪었을, 누구나 겪게 될 각자의 이야기와 지역의 정서가 버무려진 실버마이크를 통해 전라/제주권역 직주근접지역 곳곳에서 다채로운 음악과 퍼포먼스를 선뵈는 실버예술가를 만나 볼 수 있다."
한강역사탐방,4.15.~11.30.,서울시 영등포구,"한강 역사탐방 프로그램은 한강 경관 및 역사·문화자원을 감상·공유하는 매력적인 관광해설과 교육을 제공하여 시민 및 관광객에게 한강변을 체험·감상한다. 또한 체험활동 등 시민들이 능동적으로 참여하고 직접 경험할 수 있는 다양한 콘텐츠를 개발하여 일상 속에서 즐기는 한강 역사 문화를 활성화하고자 한다. 
탐방객은 정해진 코스를 따라 한강 유역 및 인근 문화유산을 거닐며 한강 해설사의 해설을 듣는다. 한강 역사탐방은 주간 16개 코스, 야간 2개 코스, 총 18개 코스로 운영되며, 탐방객은 해당 코스를 거닐며 해당 코스와 관련된 한강의 역사를 탐방할 수 있다."
K-푸드 페스티벌 넉넉,5.29.~2025.5.31.|매주수~일16:00~21:00,서울시 종로구,"[K-푸드 페스티벌 넉넉]은 한식의 다채로움과 이색적인 맛을 경험하며, 즐거운 시간을 보낼 수 있는 한식특화 음식 축제이다.

15대의 푸드트럭이 김치베이컨치즈전, 호두크림치즈 곶감말이, 김치·쌈장닭꼬치, 누룽지닭강정, 단호박식혜 등의 이색 한식을 선보이며, 주요 연휴 시즌에는 수공예품 팝업스토어, 시민참여 이벤트, 무대 공연도 진행(운영)될 예정이다.

서울 광화문역, 경복궁역과 가까운 곳에 있으니, 도심에서 서울의 맛과 멋을 즐길 수 있다. 

* 축제 관련 공지사항 및 세부정보는 공식 홈페이지에서 확인 가능합니다.
* 우천 등 기상상황에 따라 휴장될 수 있으므로 방문 전 누리집 또는 인스타그램을 참고해 주세요."
낭만등불축제,5.1.~4.30.|09:30~20:00,경기도 남양주시,"서울 근교의 아름다운 수목원에서 열리는 낭만 등불축제는 등불을 무료로 대여하여 방문객들에게 불빛축제를 즐길 수 있는 기회를 제공한다. 낮에는 족욕체험과 맨발체험, 제빵소와 카페가 마련된 수목원에서 특별한 경험을 제공하며, 저녁에는 불빛축제가 펼쳐진 아름다운 정원을 환상적으로 물들인다. 낭만적이고 힐링 가득한 산들소리에서 등불과 함께 불빛축제를 즐길 수 있다."
제주민속촌 민속체험축제,5.1.~12.31.|매일08:30~19:00(매표마감18:00),제주도 서귀포시,"제주민속촌은 옛 제주의 모습을 간직한 제주에서 가장 제주다운 곳으로 19세기를 기준 연대로 산촌, 중산간촌, 어촌, 토속신앙을 비롯, 제주 영문과 유배 소등을 전문가의 고증을 통해 구성한 박물관이다. 100여 채에 달하는 전통가옥은 옛 제주 사람들이 실제 거주하였던 가옥을 전시, 가옥 곳곳에는 민속공예 장인들이 실제 입주, 작품 관람 및 체험의 기회를 제공한다.
초대형 장기, 윷놀이, 굴렁쇠 돌리기, 투호놀이, 제기차기 등 민속촌 곳곳에 다양한 민속체험 놀이가 준비되어 있다. 계절에 따라 피는 꽃(유채꽃, 벚꽃, 메밀꽃, 수국, 동백꽃 등)과 전통 가옥, 그 속에서 즐기는 다양한 민속놀이 체험을 즐겨 볼 수 있다."
태안 빛축제,기간:2023.1.1.~2024.12.31.,충청남도 태안군,"농사꾼들의 투박한 아이디어와 소박한 솜씨로 시작한 태안 빛 축제가 지금은 연중무휴로 365일 내내 열리고 있다. 충남지역 최초의 화려한 조명, 바다 내음 한 아름 빛으로 피어나는 추억이란 주제로 바다와 꽃으로 각인된 태안의 정적인 이미지를 개선하고자 LED 불빛을 이용한 동적인 모습과 야간 볼거리를 제공한다."
만수천 빛의거리,2.1.~12.31.,인천시 남동구,만수천 빛의 거리는 인천광역시 남동구 만수복개천 공영주차장 양옆 일방통행 전 구간(만수동 1003)에 걸쳐 2023년 12월에 조성되었다. 1공영주차장과 2공영주차장 사이에 12m의 대형 크리스마스트리가 설치되고 2가지의 서로 다른 빛의 터널이 방문객들을 맞는다. 2공영주차장과 3공영주차장 사이에는 민들레 꽃밭과 보름달을 형상화한 포토존이 놓이고 3공영주차장과 4공영주차장 사이에는 LED 놀이터 포토존도 선보인다. 더불어 전 구간에 걸쳐 아름다운 오로라 라이트와 전구 조명이 밤을 밝게 밝힌다.
서창별빛거리,2.1.~12.31.,인천시 남동구,서창 별빛 거리는 2019년부터 시작하여 2023년 5회째를 맞는 지역 특화 관광축제이다. 서창 2지구 회전교차로 일원에 겨울과 크리스마스에 어울리는 별빛 거리를 조성하여 지역주민과 관광객들에게 볼거리를 선사하고 연말연시에 따뜻한 위로와 희망을 전하고 있다.
한국의집 고호재,1.1.~12.31.11:00~18:30,서울시 중구,"고호재는 한국의집에서 선보이는 프리미엄 궁중 다과 브랜드로 옛 것을 좋아하는 이들의 집이라는 뜻을 담고 있다. 사계절의 맛과 색을 다과상에 올려내는 고호재는 봄, 여름, 가을, 겨울의 계절별 제철 재료로 만들어낸 정성스러운 다과를 맛볼 수 있는 고품격 체험 프로그램이다. 체험객은 전통 한옥인 한국의집에서 고즈넉한 분위기를 즐기며 1인 다과상과 계절별로 제공되는 단품 메뉴(여름의 빙수, 겨울의 죽 등)를 맛볼 수 있다. 푸르른 녹음이 짙은 한국의집에서의 다과 체험은 전통의 멋과 맛을 즐기는 체험객들에게 색다른 즐거움을 제공한다."
안산별빛마을 애니멀 & 하트빌리지 빛축제,1.1.~12.31.|15:00~23:00(입장마감22:10),경기도 안산시,"빛과 자연, 그리고 그 속에서 무르익는 추억과 사랑을 선사하는 안산 별빛마을에서 <2024 안산 별빛마을 애니멀 & 하트 빌리지 빛 축제>를 개최한다. 도심 속 아름다운 빛의 숲에서 열리는 빛의 축제는 별빛이 내린 사계절 빛의 정원과 200여 마리의 실 사이즈 동물 조형물들, 그리고 SNS에서 핫한 인생 샷과 추억을 남길 수 있는 포토존들로 가득하다."
별빛이 흐르는 정원,1.1.~12.31.,경기도 파주시,"퍼스트 가든은 아름다운 조명으로 정원을 장식한 별빛축제를 365일 연중무휴 운영한다. 일몰과 함께 정원 전체에 조명이 켜지면 낮에는 볼 수 없던 색다른 모습의 정원을 관람할 수 있다. 자수화단의 환상적인 별빛, 토스카나 광장의 이국적인 별빛, 로즈가든의 정열적인 별빛은 추위로 얼어붙은 겨울밤을 녹이고 로맨틱한 겨울밤 분위기를 자아낸다.

별빛이 흐르는 정원을 슬로건으로 은하수를 담은 별자리 여행처럼 더 화려하고 볼거리가 많은 정원이 관광객을 맞이하며, 약 2만 평 규모의 부지에 정원마다 다른 주제로 사계절의 대표 별자리를 비롯한 다양한 별자리가 지상에 내려앉은 모습을 볼 수 있다. 퍼스트 가든 별빛축제는 사계절을 담아낸 다양한 별자리 정원뿐 아니라 생명과 희망을 담은 바오밥나무 별빛, 나비정원 별빛 등 각 정원마다 스토리를 담아낸 별빛테마정원과 곳곳마다 별빛 황금마차, 별빛 아이 캐릭터 등 볼거리와 포토존으로 구성하여 연인과 가족들의 눈을 즐겁게 해줄 예정이다.

2023-2024 퍼스트 가든 빛 축제는 작년에 비해 조명이 더 추가되어 더욱 화려한 정원을 뽐내고 있다. 그 외에 퍼스트 가든은 레스토랑, 웨딩홀, 놀이시설, 체험학습, 기프트숍, 썰매장, 챌린지 코스 등 다양한 편의, 놀이시설을 갖추고 있어 단순한 정원 관람뿐 아니라 종합테마파크로서의 모습을 갖추고 있다."
허브아일랜드 불빛동화축제,1.1.~12.31.,경기도 포천시,"잃어버린 동심을 만들 수 있는 시간! 매일 밤, 작은 불빛들이 만들어내는 동화 같은 세상은 누구에게나 잊지 못할 추억을 선사하며, 누구나 불빛세상의 주인공으로 만들어줄 아름다운 불빛 야경이 준비되어 있다. 허브아일랜드 불빛동화축제는 우리를 동화 속 세상으로 초대한다. 결코 꺼지지 않는 불빛들의 네버엔딩스토리를 만나보자! 1~3월까지는 핑크, 빛으로 말하다 테마를 가지고 핑크빛의 사랑 메시지를 더한다."
아시테지 국제여름축제,7.18.~7.28.,서울시 종로구,"아시테지 국제여름축제는 국내·외 우수 아동청소년연극을 한자리에서 만나볼 수 있는 한국 최대 규모의 아동청소년을 위한 공연예술축제다. 1993년 ‘서울어린이연극제’로 시작된 아시테지 국제여름축제는 1995년부터 해외 우수아동극을 초청하여 국제공연예술제로 면모를 갖추었으며 1997년 ‘서울국제어린이공연예술제’, 2001년 ‘서울아동청소년공연예술축제’로 발전하였다. 

2009년 제17회 ‘아시테지 여름축제’에 이어 2013년 제21회부터 ‘아시테지 국제여름축제’로 행사명을 바꾸고 해외 참가의 비중을 확대해 국제적인 아동청소년 축제로서의 위치를 공고히 하고 있다. 지난 25년간 아동청소년을 위한 연극뿐 아니라 무용극, 음악극, 오브제극 등 다양한 장르의 공연과 워크숍, 전시 등으로 구성된 축제에 총 30만 명의 관객이 함께하였다. 

2014년부터 2017년까지 4년 연속 한국문화예술위원회 공연예술행사지원사업 평가 A등급 선정 및 2018년 지역대표공연예술제 평가 S등급 선정으로 명실상부한 한국 대표 공연예술축제로 평가받고 있다."
홍천찰옥수수축제,7.19.~7.21.|09:00~18:00,강원도 홍천군,"홍천군은 전국 유일의 옥수수 연구소가 자리잡은 모든 찰옥수수 종자의 발원지로, 미백 1호, 미백 2호, 미흑찰, 흑점찰 등 매년 다양한 종자 개량을 통해 우수한 찰옥수수를 개발하고 있다. 또한 낮과 밤의 일교차가 상당한 홍천군의 특징은 찰옥수수 재배에 최적화된 지역으로, 다른 고장과 차별화된 찰지고 쫄깃한 맛을 가지고 있다."
휴애리 여름 수국축제,6.5.~7.21.|09:00~19:00(입장마감17:30),제주도 서귀포시,"휴애리 여름 수국축제는 정성스럽게 키운 다양한 수국을 온실, 수국 정원, 수국 오름 등 공원 곳곳에서 감상할 수 있다. 특별히 온실에서 다양한 수국을 만나 볼 수 있으며 공원 첫 입구부터 나오는 출구까지 전체가 수국으로 덮여 있다."
율봄식물원 토마토 시즌,6.1.~7.21.|10:00~17:00,경기도 광주시,"싱싱한 토마토의 계절, 율봄식물원에서 토마토를 활용한 체험과 아이들을 위한 즐길거리를 만날 수 있다. 농촌테마식물원인 율봄식물원은 2만 여평에 실외 공간에 조성된 야외 식물원으로 식물원과 어우러지는 농촌경관의 모습, 그 안에서 진행되는 계절별 농촌체험, 아름답게 가꿔진 청정 자연 속에서의 편안한 휴식과 함께 정직하게 재배된 신선한 농산물을 이용한 계절별 체험이 가능한 청정 자연 체험 학습 공간이다."
K-푸드페스타 in 서울,7.19.~7.21.|10:00~18:00,서울시 서초구,"세상 모든 음식을 한 곳에서 만나볼 수 있는 K-푸드페스타 in 서울 2024이 7월 aT센터에서 개최된다. 손맛 가득 핸드메이드 음식부터 각종 소스와 분식, 디저트, 건강음식 등 다채로운 음식의 향연이 펼쳐질 예정이다."
화순 명품 복숭아 문화 축제,7.27.~7.28.|11:00~21:00,전라남도 화순군,"화순 명품 복숭아 축제는 아따 먹어봐야 알제 슬로건을 가지고 다양한 볼거리, 놀 거리, 체험거리를 준비하여 7월 28일부터 29일까지 1박 2일 동안 운영한다. 화순군의 대표 농특산물과 문화축제를 아우르는 축제로 화순 명품 복숭아의 위상을 드높이는 농가의 소득창출 및 지역 경제 활성화 기여한다."
세종 조치원 복숭아 축제,7.26.~7.28.|10:00~22:00,세종시 세종특별자치시,"세종시 특산물인 조치원복숭아를 홍보하고 판매하며 시민 참여 프로그램 운영, 축하공연 등의 축제가 7월 26일부터 7월 28일까지 진행한다. 세종시민운동장, 도도리파크, 조치원 중심가에서 116년 전통의 조치원 복숭아를 만날 수 있다."
부산바다축제,7.26.~7.28.|13:00~22:00,부산시 수영구,"*하기 행사 내용은 전년도(2023년) 행사 내용으로, 2024년도 행사 내용은 업데이트 중에 있습니다.*

제27회 부산바다축제는 부산 여름 대표 축제로 2023년 8월 1일부터 6일까지 총 6일간 개최되며, 해운대·다대포 해수욕장 일원에서 진행된다.
본 축제는 전국 최대 규모 힙합 풀파티인 Night Pool Party와 눈부신 노을 아래 펼쳐지는 원더풀 컬러풀을 중심으로 여러 연계행사들이 구성될 예정이다. 이 외에도 바다에서 즐길 수 있는 다채로운 프로그램들을 만나볼 수 있으며, 누구나 자유롭게 관람 및 참여 가능하다."
무안 연꽃축제,7.25.~7.28.|10:00~21:30,전라남도 무안군,"무안연꽃축제는 전라남도의 대표적인 여름축제로서, 단일 연꽃축제로는 전국 최대이다. 1997년 시작되었고, 매년 여름 일로읍 복용리 회산 백련지 일원에서 개최된다. 동양 최대 10만 평을 가득 채운 초록빛 연잎 사이로 고결함을 드러내듯 올곧이 하얀 꽃망울을 틔우는 백련을 볼 수 있으며 자연의 한가운데서 다채로운 행사를 진행한다."
금산 삼계탕축제,7.24.~7.28.|18:00~22:00,충청남도 금산군,여름철 보양대표음식으로 손꼽히는 삼계탕에 여름 ‘물’체험과 건강 ‘약초’체험이 어우러진 전국 최초의 삼계탕 축제로서 금산에서만 맛볼 수 있는 인삼·약초 삼계탕 한 그릇과 다채로운 여름 건강문화체험으로 가족의 건강도 챙기면서 색다른 즐거움을 만끽할 수 있는 금산 여름 대표 축제이다.
안동 수페스타,7.27.~8.4.,경상북도 안동시,"한 여름 더위를 날리는 시원한 여름 축제이다. 안동문화예술인들의 신나고 감성적인 공연, 인디언 텐트와 해먹&파라솔이 펼쳐진 캠크닉, 시원하게 더위를 날려줄 물놀이와 물총 싸움, 불꽃놀이와 함께하는 EDM 파티, 플리마켓과 푸드트럭&수제 맥주까지 낙동강변에서 즐길 수 있다."
"안동 문화유산 야행 ""월영야행""",7.26.~8.4.|18:00~22:00,경상북도 안동시,"안동의 대표적인 여름밤 문화행사로 매년 7월~8월 월영교 일원에서 진행된다. 월영교 다리에 설치되는 전통등간의 대표적인 프로그램을 비롯한 안동의 유무형 문화유산을 활용한 공연, 전시, 체험프로그램이 운영된다. 
월영교 일원에는 임청각, 법흥사지칠증전탑, 안동석빙고 등 문화유산들이 산재하고 있으며, 축제장에서는 하회별신굿놀이, 안동놋다리밟기, 문화예술 공연이 진행되어 안동 문화유산의 정수를 맛볼 수 있다."
보령머드축제,7.19.~8.4.|10:00~18:00(수요일휴무),충청남도 보령시,"체험형 여름축제이다. 바다를 바라보며 머드를 온몸으로 느끼는 일반존과 가족이 함께 하는 패밀리존으로 구성되어 있다. 낮에는 머드를 적시며 보낼 수 있고, 밤에는 다양한 공연, 불꽃쇼 등을 볼 수 있다."
위클리 클래식 페스티벌,3.1.~7.31.,서울시 종로구,"우리동네 소극장에서 즐기는 클래식 음악회라는 슬로건으로 2022년 경기도 오산에서 시작하여 관객들로부터 호평을 받고 있는 위클리 클래식 페스티벌이 2024년 전국 8개 공연장에서 3월부터 7월까지 개최된다. 

공모를 통해 선정된 68팀 총 210명의 연주자들이 서울, 경기, 청주, 대구, 제주에서 92회의 공연을 진행할 예정이다. 정통 클래식을 기반으로 재즈, 국악, 뉴에이지, 남미 음악에 이르기까지 클래식 악기로 보여줄 수 있는 다양한 장르도 선보일 예정이다. 

참여하는 공연장은 경복궁 클래식(서울 종로), 갤러리 오누이(서울 동작), 마이스터클랑(경기 광명), MEG아트홀(경기 오산), AG아트홀(충북 청주), 프란츠홀(대구 남구), 오디토리움(제주 애월), 끌로드아트홀(제주 서귀포)이며 공연장별 객석은 최소 30석에서 최대 100석 이다.

연주자의 호흡까지 느낄 수 있을 정도로 무대와 객석이 가까운 거리, 모든 공연에 있는 연주자의 해설로 관객과 연주자 사이의 장벽이 자연스럽게 무너지는 놀라운 경험을 하게 될 것이다. 이 축제를 통하여 클래식 음악이 주는 감동과 희열, 특별한 에너지를 경험하며 예술적 영향력을 펼치기를 기대해 본다. 
예매는 클래식 공연 예매 사이트인 파인스테이지(www.finestage.co.kr)에서 가능하다."
계양아라온워터축제,7.26.~7.28.|11:00~18:00(휴게시간:13:00~14:00),인천시 계양구,"올해도 어김없이 찾아오는 한여름 무더위, 계양 아라온 수변에서 제2회 계양 아라온 워터 축제가 펼쳐진다. 행사기간은 7.26.(금) ~ 7. 28.(일) 3일간이며 물놀이, 워터슬라이드, 카약, 수상자전거, 어린이 체험 등 다채로운 행사가 열릴 예정이다. 물놀이와 카약 체험은 사전과 현장접수로 나누어 진행하는데 사전 접수(7.10(수)~7.17(수))를 신청하면 더욱 편하게 축제를 즐길 수 있다."
강릉국제청소년예술축전,7.30.~8.11.|10:00~21:00,강원도 강릉시,"2002년부터 시작된 강릉국제청소년예술축전은 ‘문화의 세기 · 젊음의 교류 · 영원한 우정’의 방향으로세계 청소년들이 함께 어우러지는 예술축제이며, 매년 10개국 500여 명의 세계 청소년들이 참여하고 있다.
세계 각국의 청소년들을 위한 공연과 전시, 체험과 문화를 나누는 교류의 장을 만들어 가는데 그 의미가 남다르다.
특히 공연예술을 비롯하여 작품 전시, 지역 명소 탐방, 해변 여름 해변 물놀이, 교류 파티 등도 함께 진행하면서,세계 각국의 청소년들이 한국의 문화예술을 통해 영감과 예술혼을 고양하는데 크게 기여하고 있다."
평창더위사냥축제,7.26.~8.4.|10:00~17:00,강원도 평창군,"평창더위사냥축제는 대한민국 대표 여름맞이 축제이다. 
연중 10℃의 시원한 냉천수가 흐르는 땀띠공원에서 다양한 체험프로그램과 공연으로 더위에 지친 몸과 마음을 쉬어갈 수 있다."
봉화은어축제,7.27.~8.4.,경상북도 봉화군,"조선시대 임금님 수라상에 오를 만큼 귀하고 영양가가 풍부한 은어! 은어와 사람, 자연이 함께 어우러지는 자연 생태축제! 청정 봉화의 맑고 깨끗한 내성천에서 벌어지는 은빛 은어의 향연! 자연과 어우러진 다양한 공연! 재미와 건강, 휴식이 있는 오감만족 축제!"
정남진 장흥 물축제,7.27.~8.4.|10:00~22:30,전라남도 장흥군,"*하기 대표 먹거리 정보는 전년도(2023년) 축제 내용으로, 2024년도 먹거리 정보는 업데이트 중에 있습니다.*

대한민국 대표 여름축제인 정남진 장흥 물축제는 2024 ~ 2025 문화체육관광부 선정 최우수 축제다.
탐진강의 맑은 물과 장흥댐 호수 등 청정 수자원을 기반으로 모든 프로그램을 ""물”이라는 하나의 테마로 연결시켰다.
물싸움과 다양한 수상 프로그램, 워터樂 풀파티 등 주ㆍ야간 계속되는 다채로운 프로그램은 남녀노소를 불문하고 누구나 함께 즐길 수 있다.
즐거움과 낭만, 힐링이 가득한 정남진 장흥 물축제는 바쁜 일상에 지친 현대인들에게 그 동안 쌓인 피로감을 날려줄 것이고, 아이들에게는 최고의 놀이터가 된다."
영주 시원(ONE)축제,7.27.~8.4.|10:00~20:00,경상북도 영주시,"오는 7월 27일부터 8월 4일까지 9일간 영주시 중심이자 영주시민의 안식처인 서천둔치 일원에서 영주 시원(ONE) 축제가 개최된다. 영주 시민이 참여할 수 있는 콘텐츠와 남녀노소 즐길 수 있는 액티비티로 구성되어 여름 시즌 물놀이에 대한 영주시민의 갈증을 해소하고 영주시 전역에 새로운 활력을 불어넣을 것으로 기대된다.

햇살이 따사롭게 내리쬐어 어디론가 떠나고 싶은 완연한 여름, 경상북도 영주시 신설 축제인 시원(ONE) 축제에서 선선한 밤공기와 아름다운 야경을 감상하며 한여름 무더위를 달래 수 있다. 영주에서 풍성한 볼거리, 즐길 거리, 먹거리를 만끽하며 가족, 친구, 연인과 함께 예술을 즐기고 한여름 밤의 낭만의 파도에 젖어 볼 수 있다."
한국민속촌 여름축제: 마른 하늘에 물벼락,6.22.~8.25.|10:00~19:00,경기도 용인시,"여름 워터 축제 마른하늘에 물벼락은 한국민속촌이 해변가로 변해 무더위 피서객들의 곳곳에 위치한 워터캐논이 관람객들의 무더위를 시원 짜릿하게 날려버리는 행사이다. 초대형 물총 싸움 물벼락 싸움, 최첨단 워터캐논으로 범인을 잡는 수박서리 등 한국민속촌에서 올여름 무더위를 시원하게 보낼 수 있다."
한국민속촌 여름축제: 마른 하늘에 물벼락,6.22.~8.25.|10:00~19:00,경기도 용인시,"여름 워터 축제 마른하늘에 물벼락은 한국민속촌이 해변가로 변해 무더위 피서객들의 곳곳에 위치한 워터캐논이 관람객들의 무더위를 시원 짜릿하게 날려버리는 행사이다. 초대형 물총 싸움 물벼락 싸움, 최첨단 워터캐논으로 범인을 잡는 수박서리 등 한국민속촌에서 올여름 무더위를 시원하게 보낼 수 있다."
렛츠런파크 부산경남 블루밍 워터페스티벌,7.6.~8.25.|10:00~18:00,부산시 강서구,"블루밍 워터페스티벌은 어린이부터 어른까지 온 가족이 즐길 수 있는 야외 물놀이 축제로, 렛츠런파크 부산경남의 대표 여름 행사이다. 7월부터 8월까지 두 달간 이어지는 블루밍 워터페스티벌에서는 튜브를 타고 수영할 수 있는 워터풀과 길이 25m에 달하는 대형 에어슬라이드를 포함한 7개의 워터슬라이드를 즐길 수 있다. 더위를 시원하게 날릴 바닥분수와 물총놀이는 물론 푸드트럭과 다채로운 공연, 어린이 승마체험과 물놀이 용품 증정 이벤트까지 준비되어 방문객에게 풍성한 즐길 거리를 선보일 예정이다."
화담숲 여름 수국 축제,6.17.~8.23.|09:00~18:00,경기도 광주시,"경기도 광주에 위치한 화담숲이 6월 중순부터 8월 중순까지 약 두 달여간 <화담숲 여름 수국 축제>를 진행한다. 초여름에 가장 아름다움을 뽐내는 100여 품종의 7만여 본의 다채로운  수국 물결의 화려한 향연을 만끽할 수 있다. 곤지암리조트와 화담숲의 여름 대표 축제인 ‘여름 수국 축제’는 약 4,500㎡ (1,360평) 규모의 화담숲 테마원인 수국원을 비롯하여 곤지암리조트 전역에서 진행된다. 곤지암리조트 입구를 시작으로 화담숲 수국원까지 이르는 전역을 100여 종 7만여 본의 다채로운 수국 무리가 저마다의 빛깔로 물결을 이룬다.

특히 약 4,500㎡(1,360평) 규모의 화담숲 ‘수국원’은 총 16개의 테마원 가운데 여름에 가장 아름다운 곳으로, 시원하게 떨어지는 폭포와 짙푸른 신록 사이로 산수국 군락이 꽃망울을 터트린다. 푸른 잎사귀를 포근히 감싸고 있는 꽃잎이 예술인 ‘산수국’, 나무를 형성하여 강인하면서도 여린 순백의 매력을 뽐내는 ‘목수국’ 소복하고 자그마한 눈사람이 떠오르는 ‘미국수국’, 조밀한 꽃들이 모여 한 송이 부케와 같은 ‘큰잎수국’  등 다채롭게 푸른빛의 신비로움을 자아내는 수국들이 저마다의 아름다움을 뽐내어 여름 여행의 인생 사잔을 남길 수 있다."
태백 해바라기축제,7.19.~8.15.|07:00~18:00,강원도 태백시,"태백 해바라기 축제는 해바라기 문화 재단과 구와우마을 축제 위원회가 주최. 주관하는 순수 민간주도형 축제로서, 저희 재단과 구와우 해바라기 마을이 가고자 하는 분명한 방향은 자연 보다 더 훌륭한 작품은 없으므로 그 자연을 현명하게 이용하여, 대지라는 캔버스 위에 해바라기의 노란색을 칠하고  예술가들의 인간적인 행위를 더하여 건강한 공간, 자연스러운 곳, 가보고 싶은 장소, 세상에서 하나밖에 없는 공간으로 이 구와우 마을을 여러분과 함께 만들고자 한다."
삼척동해왕이사부축제,7.20.~7.21.|10:00~21:00,강원도 삼척시,"1,500년 전 신라시대 우산국(울릉도, 독도)을 우리 영토로 복속시킨 이사부 장군의 해양개척정신을 계승, 발전시키고, 이사부라는 역사적 인물의 브랜드화를 테마로 하는 역사,문화,예술축제.
특히 축제장소인 삼척 오십천은 이사부 장군이 우산국 정벌에 앞서 함대를 제작했을 장소로, 이번 축제를 통해 오십천과 이사부의 연결고리를 만들어 나가게 된다.
오는 7월 20일~7월 21일 이틀간 삼척에서 펼쳐지는 ""2024 삼척동해왕이사부축제"" 는 이사부장군배 용선(드래곤보트)대회, 이사부 여름놀이터(육상 워터파크), 수상레저체험(카누, 카약 등), 이사부 퀴즈대회, 이사부 가요제 및 이사부 전국 인디밴드 경연대회 등 다양한 프로그램으로 펼쳐진다."
울산조선해양축제,7.19.~7.21.|10:00~22:00,울산시 동구,"2024 울산조선해양축제는 2024년 7월 19일(금)~21일(토) 3일간 해양관광도시 울산광역시 동구 일산해수욕장에서 열리는 행사이다. 19일 금요일 축하공연으로 이루어진 개막식을 시작으로 기발한배 콘테스트, 나이트런 일산과 같은 전 연령대를 아우르는 킬러 콘텐츠가 펼쳐진다. 또한 동구관광투어와 해양레포츠체험 같은 다채로운 체험·참여·전시·투어 프로그램을 제공한다. 이 외에도 일산 EDM 페스티벌, 야심한 밤에 버스킹 등 여러 장르의 무대 프로그램이 있다. 그뿐만 아니라 일산 썸머빌리지와 같은 해변 휴게공간도 마련되어 즐길 거리가 풍부하다."
삼양검은모래축제,7.19.~7.20.|09:00~20:00,제주도 제주시,"삼양검은모래축제는 휴가철을 맞이하여 삼양 검은 모래 해변과 에메랄드빛 바다를 배경으로 하는 생태 힐링 축제이다. 삼양검은모래축제에서 건강에 유익한 검은 모래찜질 및 걷기 등을 체험하며, 또한 시원한 바람과 함께 스트레스를 날릴 수 있는 서핑, 요트, 비치사커 등 해양레저 체험할 수 있다. 더불어 야(夜) 밤에는 화려한 불꽃놀이 등 좋은 볼거리를 제공한다."
WASBE 세계관악컨퍼런스 경기 광주,7.16.~7.20.,경기도 광주시,"전 세계를 순회하며 2년에 한 번 열리는 관악의 올림픽이자 대한민국 최초로 경기 광주시에서 열리는 2024 제20회 WASBE 세계관악컨퍼런스이다. 50개국 1,000여 명 세계 최고의 연주자들이 한자리에 모이는 글로벌 이벤트이다."
여름꽃 & 능소화축제,5.15.~7.20.|09:00~18:00,제주도 제주시,하늘을 능가하는 아름다운 능소화꽃이 일천여미터의 규모로 펼쳐지는 대표 제주여름꽃축제다. 주홍색 꽃비가 내리는 매혹적인 아름다움을 보고 느끼고 즐기는 능소화축제다.
아침고요수목원 수국전시회,6.15.~7.14.|08:30~19:00,경기도 가평군,"미국수국, 넓은잎수국, 산수국, 떡갈잎수국 등 각양각색의 수국 약 200점을 선보이며 여름 수목원을 낭만적인 보랏빛 물결로 가득 채울 예정이다. 또한 수국 1,500분이 추가되어 지난해보다 풍성해진 포토존이 준비된다. 싱그러운 수국으로 빼곡하게 채운 벽을 사랑스러운 메시지가 담긴 가랜드로 꾸민 ‘수국 벽 포토존’과 작년 방문객에게 좋은 반응을 얻었던 ‘스마트폰 프레임 포토존’까지 준비되어 있다."
부산스텝업댄스페스티벌,7.4.~7.7.|15:00~21:00,부산시 부산진구,"21만 명이 넘는 많은 분들의 사랑과 관심을 받은 부산 댄스 페스티벌이 2024년 세계적인 축제 및 대회로 거듭나기 위해 새로운 브랜드 네임과 새로운 프로그램으로 개최된다.
부산의 대표 청년 콘텐츠로 자리매김하게 될 이번 행사는 1:1배틀부터 주니어, 청년 스트리트 댄서들의 경연과 푸드&패션 마켓, 클래스, 토크쇼 등 다채롭게 준비되어 있다."
제주민속촌 메밀꽃축제,6.21.~7.7.|08:30~19:00(매표마감18:00),제주도 서귀포시,"제주민속촌에서는 오는 6월 21일(금)부터 “제주민속촌 메밀꽃축제-제주초가 꽃마당전”을 개최한다. 메밀꽃 축제기간에 민속촌을 방문하면 제주초가를 배경으로 새하얗게 만개한 메밀꽃을 만나 볼 수 있다. 제주민속촌 산촌 메밀꽃밭 일대에서는 아름다운 인생샷을 남길 수 있도록 감성포토존을 설치하여 운영할 예정이며 29, 30일에는 페이스 페인팅과 삐에로 풍선 아트 공연도 진행하여 더욱 풍성한 축제가 될 수 있도록 준비하였다. 이번 축제는 전국 메밀 생산량의 60% 이상을 생산하는 제주 메밀을 많이 알리고자 기획했으며 앞으로도 제주 초가 마당을 활용한 꽃축제를 시리즈로 기획하여 지속적으로 진행할 계획이다."
경남고성옥수수(쫀달고)축제,7.6.~7.7.|10:00~18:00,경상남도 고성군,경남고성옥수수 쫀달고 축제는 당동만 해풍을 맞고 자라 더욱 쫀득하고 달콤한 명품 고성옥수수를 널리 홍보하고자 개최하는 축제이다.
부여서동연꽃축제,7.5.~7.7.,충청남도 부여군,"선화공주와 백제무왕의 서동요 전설이 깃든 우리나라 최고(最古)의 인공연못 ""궁남지""의 천만송이 연꽃을 배경으로 2024년 제22회 부여서동연꽃축제는 ""사랑의 연, 서동과 선화의 만남""이라는 주제로 펼쳐지는 대한민국 여름대표 축제이다."
구팔일 댕댕이 레이싱!,3.2.~7.20.|매주토요일16:00,제주도 제주시,"반려견 액티비티 축제 ‘구팔일 댕댕이 레이싱!’을 즐길 수 있다. 

제주 반려동물동반여행 필수코스가 된 9.81파크의<반려견과 함께 981패키지 Presented by 설채현>가 3월부터 정식 프로그램으로 운영된다."
영천동 해바라기 축제,7.12.~7.14.|10:00~21:00,제주도 서귀포시,"나비박사로 불리는 세계적인 곤충학자 석주명(1908~1950) 이 발자취의 영향으로 ‘나비 마을이라 불리는 영천동은 한라산 중턱 아래 자연 그대로 피어있는 있는 야생화, 마을 거주지로 이어지는 아늑한 올레, 과수원을 감싼 돌담길, 제주어를 정감있게 사용하는 마을 분들까지 때묻지 않은 아름다운 제주를 고스란히 간직한 곳이다. 2024년 영천동 해바라기 축제는 7월 12일~ 7월 14일, 오전 10시 – 밤 9시까지 서귀포시 토평동 2981(헬스케어타운) 일원에서 3일간 펼쳐진다."
강주해바라기 축제,6.22.~7.14.|09:00~18:00,경상남도 함안군,더 멋지게 돌아온 제12회 함안 강주해바라기 축제는 6월 26일부터 이어지는 축제로써 다채로운 행사와 아름다운 해바라기 꽃을 바라보면서 감성과 재미를 더 할 수 있다.
대한민국 펫캉스,7.12.~7.14.|10:00~18:00,경상북도 구미시,"반려동물 인구 1500만 시대, 반려동물과 함께하는 여가산업과 관광산업 시장이 활성화 추세이다. 경상북도와 구미시 후원으로 진행되는 해당 축제는 구미시 동물 정책사업 홍보와 다양한 반려동물 콘테츠 개발을 위한 자리로 반려견, 반려묘뿐 아니라 파충류, 양서류 등 다양한 반려동물을 위한 공간이 마련된다. 유기 동물 입양 캠페인을 통한 사회적 문제 해결은 물론 펫 산업 관련 기관 및 업체 등이 참여, 반려인을 위한 행사이다."
원동면 여름을 담다,6.15.~7.14.|10:00~22:00,경상남도 양산시,"경남 양산시 원동면 일대에서 특산품인 산딸기, 매실, 옥수수 관련 축제이다.

산딸기 에이드 만들기 체험, 매실따기 체험, 매실청 만들기 체험, 옥수수 따기 체험 등이 있다.

매실을 이용한 매실국수, 전, 원동 깡냉이 막걸리 등을 맛볼수 있다."
